temperature,NDVI,humidity,wind_speed,slope,fire_risk
32.22963187144334,0.38104752913247186,32.32644964928245,11.748746193172481,3.9929715729060598,0
48.24490058995512,0.5713722525726534,34.0961345907424,17.74251710306305,7.991916315121695,0
43.255195330543536,0.7267490200218538,70.4131752262624,6.519945071962544,7.637643041990484,0
41.00581423872714,0.6069880929604582,33.432964342775165,22.035167262981545,2.484259738624548,0
24.212252463826424,0.7188478543975494,26.848910232948928,16.819816985907494,0.0,0
24.21156169618772,0.614944289297518,66.6303642819425,17.148653958830565,3.866878225143794,0
24.90093399606077,0.6601255997120982,46.99041792384352,24.298111259321903,0.0,0
47.52015383155388,0.7412759810232901,62.517190261969915,0.0,2.8247867093572054,0
37.09450158042636,0.40227844108147837,27.21819779602514,20.750531300013453,5.820424483430363,1
42.327297421053295,0.46689321760785585,53.94212230853585,1.778849424300132,1.833457973800831,0
19.69069944324915,0.39859536837347764,13.979016689152088,14.342840730561674,0.3919887476144021,0
48.165836057719325,0.8024807850326082,19.9455683144902,12.592942710631167,1.1079795217265165,0
45.457203767144726,0.8701986474432313,70.54053545172816,5.194371083256497,5.001650669745774,0
22.543612831032693,0.1891966959166251,23.655206761511387,5.926691024065226,2.3317134486596394,0
22.00491335118695,0.7101432936676756,56.092615146171774,14.538928349103017,6.256910128833404,0
24.377560237121067,0.7650445296225319,43.696605462178375,12.798285763439642,1.4400331601315015,0
27.101605048117285,0.2757743068956777,39.518025368977504,14.294039937145923,7.899193509111204,0
36.37118761415768,0.5165728466288617,63.97068891920257,2.807663073867296,10.349235436984744,0
31.14230240822105,0.7332756131431093,24.486493957575505,2.218647031902052,1.9374868970748353,0
25.91226680327067,0.24157588447157513,53.631089196267986,21.681698776867226,2.1237550515742587,0
41.28688437951449,0.644593934749879,78.10332920414467,12.173226714848726,8.452912896823399,0
23.73326321858818,0.34972440422660156,54.99697569750148,10.564154144526844,0.0,0
28.899395865432396,0.7534199876128693,83.01264070117877,16.530929492755728,3.020152969767719,0
28.141358926383838,0.8897484650298139,16.591370761565866,13.108193817187617,9.827826175080068,0
32.59333407746072,0.852937051973096,30.030038365345554,0.0,5.3736351865239635,0
43.77712402121014,0.5063447134781799,36.52871518149154,9.434621755745685,7.607029417008254,0
23.688226309906184,0.719125764501998,72.85181380639806,24.29358907174415,2.4076088658125125,0
36.178429189099695,0.7127312054569553,85.07255719453198,18.10754730172194,1.0435694255535837,0
36.57115968602367,0.4221361825824742,36.440100823028004,15.914600339773115,10.576585698168603,1
20.81012488201338,0.6462096562304863,56.79229516028423,16.64581256878324,5.209001968651777,0
37.022932332584354,0.20933575395812834,35.92147094877096,0.0,8.43715527606528,0
28.82028007963662,0.47433272339535243,49.05208427577426,9.646933637350898,0.0,0
21.924553340082515,0.3579664585028857,50.217738048081266,20.632141500019724,0.0,0
46.351144259688205,0.3046999284515044,80.84767057372535,1.3846945409586215,4.247660635906778,0
50.61405081644316,0.22201259786255678,61.81268589928239,8.567566514832174,0.0,0
41.810233143551784,0.6964726036913855,54.76868251976452,9.695956997122726,11.797616312406129,0
29.556140265210633,0.3426366951107226,28.80782692916984,10.908787732100343,10.806692357161214,0
19.01082317243197,0.5616413189067659,26.529991595558585,25.05987235465997,7.495154513176148,0
37.87061869756785,0.250436395407364,33.39114423611413,0.664360877874068,6.549629053383869,0
33.598297283926286,0.44152911782897397,26.21262015597229,13.310289031665544,4.400299417360036,0
25.13808020533419,0.6078911599980958,67.56339781502298,7.956036195048508,9.070533218581916,0
35.19804386571805,0.6514896857599313,51.62695510638598,24.79647942732942,4.426151775156109,0
20.80035906868007,0.4451855434308067,48.78301269278902,2.8463868000398698,1.4450385500278249,0
46.67740467118488,0.5736094023871702,27.647906672321657,11.955472267188977,6.793195069339715,0
24.80635546726565,0.7229552839446715,67.4962819390551,21.115184023105797,5.976774500604246,0
38.43598011383004,0.6137009097837164,68.97401152913137,12.054928008898809,3.444663962975941,0
28.430054740762753,0.37239182877285126,24.061137038591077,15.199980843428134,4.704247899262011,0
37.71628508777216,0.1358208610847103,62.42360422809305,8.961291646869304,11.271627055790466,0
37.08854495943531,0.7958863418268528,50.97281945799417,12.421554506436713,8.297059694177376,0
22.019553355040344,0.2817662142176049,25.67947416410159,11.670094823584385,2.801897880073776,0
49.73570677172635,0.6935428685350433,51.62352981505756,2.6076364985649976,7.868216220211633,0
42.48382014000081,0.5371524570881977,44.74612614924831,10.981590036571827,7.253378862686397,0
46.83112424631376,0.7881421284218748,26.65588996442026,7.310630301927853,9.15327537676491,0
48.0681730905112,0.6923036297553947,75.22325867613361,6.260357729263467,5.951591606840393,0
39.99899840932445,0.7712452086277315,64.26916767147365,22.310199187425237,5.755776374822921,0
49.5187872889259,0.37684592087412355,56.04505094113901,21.706042347617142,0.5747275160455735,0
20.976340015112307,0.659035269809104,45.35662929231314,14.217015274405028,11.108196125230627,0
25.261061120871933,0.49979499912851355,49.07787839863415,4.383694837303154,1.2986601198827197,0
22.019345530123267,0.515105379912067,60.37121467406687,0.13197454041527434,10.823108141772305,0
31.71100017714265,0.5579725613267169,53.69386172125205,22.695691944179224,9.445603532361178,0
30.70197021499388,0.7627912040442206,27.990876163752997,9.7900479608192,4.440475100615199,0
27.769152999889247,0.6480229504880735,50.06329998422292,3.118959466749401,2.661721239290989,0
42.64945532654583,0.7184023333373161,70.33654128361482,15.49786492775893,5.751812179205944,0
28.310186552646336,0.36367438036149535,47.038283891155,14.75592556333101,3.167305418800281,0
30.05308693540982,0.43469215429608554,24.444206400254245,12.372199935187528,6.672230504841415,0
38.993362551889106,0.5865658862220278,64.26289867498407,9.115026274741165,0.0,0
24.083706506082212,0.27853221367493614,19.88774113677632,7.61234495187465,1.638208578378331,0
46.07297521840524,0.3243258072477628,34.84585428235081,24.250558389803167,10.386004097766405,1
22.959791360488392,0.3893882345188714,36.99612188643746,8.446332402638006,4.359924052545788,0
48.316368588805275,0.3896685890789848,44.44398090349782,19.626772890559167,10.576843786655282,1
43.890134289916546,0.3754388433296349,70.23207776427395,14.444495517570221,4.387306330116126,0
29.03754357895711,0.3640166919911021,57.34380517926733,21.13771456721699,5.355380623984276,0
20.09401143548817,0.22909700833482988,32.73616440384994,9.803856456182316,2.867248680187621,0
47.593130165273045,0.14657474963061984,73.65638322615044,13.130784533840838,5.741692043066608,0
35.96623010724903,0.842446774813976,69.68665181992,13.547271515590204,5.933437167654896,0
43.51402004998007,0.4319760510834518,70.65434122262518,27.37438534074238,5.979872645397031,0
43.31220453705471,0.3527668933628214,37.40662843174807,26.100342247342446,3.5643903707155262,1
21.623324851090977,0.5863826115675463,53.09378283670337,6.0949537588435,0.0,0
30.937493409399178,0.40599032225075404,78.40214799004751,6.263131452807,6.909119432529703,0
19.500933956552107,0.81248779747581,64.06980225434236,22.983348097787484,1.651486077895236,0
45.45375900059278,0.6543744019289384,21.632685067816578,22.541905227121845,8.19086511109226,0
39.41316894785023,0.23618371617143424,26.9183092202751,22.72993758062892,0.9369288772711672,1
32.88272883506251,0.43446671291008787,40.616608528072256,0.7593414743514364,9.610651046289671,0
20.870210072033416,0.8313083837153409,63.072307586007426,12.162915650395236,3.6475015699867748,0
27.712482445683488,0.785935985986424,49.56942362970493,17.56867341502365,4.809473884670641,0
28.751985573633338,0.5019429891094754,43.76518835248662,18.572570314777035,0.15079506685687322,0
43.71898958554607,0.6195610062280168,23.787721009161285,11.21772342323437,3.028907174628853,0
39.78422635997576,0.31215982560657085,58.66790468937028,6.010994878281085,6.21957264082772,0
45.556861869755714,0.7817490683911509,67.05994759089847,9.553993714382177,10.773575134308293,0
35.19298262108519,0.3291855283758171,50.08753812280746,8.252099210646483,0.0,0
23.78198247684513,0.7620590015103723,68.17043487853125,6.901909985125011,5.144271740060837,0
43.334633597755634,0.5879268775699291,79.37097103210284,26.303500233380305,6.254195034042647,0
41.41944527075222,0.6010235541091645,35.33702326787836,10.89443616244999,4.558322407430943,0
36.18299163388936,0.5102104009002701,45.705612282780635,22.574266869354165,9.731712445704078,0
42.34479909237252,0.3750338908914342,42.423836422175874,3.7447850504634776,5.789218875448045,0
31.88683799466748,0.3018809901978759,67.19244370935307,21.304986249548918,2.5894588552059905,0
36.27422543558898,0.3362234849579098,58.00800503907551,27.596333944272253,1.3278059428853257,0
33.34834109511627,0.21195292305994734,52.715658887817455,6.09417422911321,0.0,0
20.772800715607772,0.7135670678751761,60.10605574687332,1.802806930635094,2.3215772000590964,0
22.767568543048835,0.4273995792949377,47.84767664987243,13.711976086435525,0.42308033897932174,0
18.1121340865012,0.28460611143102044,76.78745173491016,2.0097084062193993,3.3133095375886374,0
38.25102169238269,0.6366488091748024,47.47147426298085,21.77950701961546,2.706309482375356,1
28.745250399236262,0.8346902662170919,25.128973963747406,27.98306195148862,8.183597812106498,0
33.652566196497844,0.749671888509369,67.381121012202,15.194314052239012,3.5188542361328867,0
46.90442279445077,0.8523538344247371,61.64862156195863,5.761560360152914,2.8340411397116916,0
28.286868588095327,0.25234185317541585,47.219065390331416,13.075528288971334,7.1244916655530375,0
36.08385949348995,0.46838390659472373,66.92765174668584,14.759875179274081,9.064542225031083,0
43.01568978195514,0.6022723072637721,77.5605549139879,3.9254166498755594,3.217334507678056,0
27.37904574619421,0.5864239227974851,34.9711768639236,16.90925199673565,8.503138052964333,0
22.160505463331454,0.3880391114972524,82.02722551832504,10.496259733813226,6.2324961973817805,0
24.855001156814957,0.6799657549562035,25.72212167235454,13.181478146869427,7.931255955840367,0
24.7836108667217,0.3455359867609825,31.306975573787927,6.7170911493288745,3.4480423823857906,0
48.01138999015925,0.3777939554280116,31.258086231260172,17.52063339627444,3.811519228035622,1
49.17009561190308,0.5469687481346784,68.62844532156487,0.4735733793744412,0.0,0
38.61739076575046,0.5632849061622008,62.96167486659834,7.75015392679297,9.268404318816458,0
46.74691239029876,0.5662997748259981,26.560189160978446,22.93623189987462,2.6642345464516337,0
44.04073876756296,0.3750628817005667,45.27640552540085,18.40782507077547,8.687283170126243,0
23.259745691342015,0.7235955777265491,51.94613463114557,0.04877324178585196,0.28588503122883635,0
49.062415583729376,0.369414977888972,12.196176805386447,10.858775367755095,0.5232251522710251,0
37.68413332284307,0.3302416725700631,71.98984329143948,11.89757044810767,5.067575272966591,0
45.80526854900796,0.7885251445692856,80.27928923455669,6.777861093310758,1.7182415236631532,0
45.06396408811532,0.8327424142158711,54.235427854088414,5.857373964972925,4.980081141981173,0
32.34569287102812,0.7492130814607297,77.93129501687825,4.911727798321441,8.893911083997512,0
20.497855610245743,0.6285593991984028,43.75120461046465,11.48154374248591,9.417847814821956,0
28.011769063858793,0.674816764998468,79.1589486062501,18.4346783180921,8.537265254818989,0
37.194144910407644,0.4731971527145492,62.81079550409367,18.17378912367505,4.572571901036117,0
42.55937032741342,0.26732382920879777,52.176212318692265,11.747980115233956,5.034823644745975,0
44.68932203848476,0.4073581353414514,35.52890219109146,7.8213380808915085,13.056696477023488,0
20.407866646111003,0.4204061928777388,76.49257207548486,24.102327907054132,1.4878389054388672,0
34.315467769094575,0.3722903907713697,49.24030990377658,20.05083274470303,3.323537446076465,0
29.421003232331106,0.6501199289856646,31.926383040997393,20.249374862735895,2.233423196220254,0
26.800360263733964,0.5186214787590268,20.854534487015492,20.81591558102221,2.183489668554448,0
21.471353592558273,0.32931329299752105,56.949647198137065,18.258737776718736,8.75907617159984,0
31.075640003379203,0.3547866362455858,54.603047996067474,19.002655902974755,8.880900841532604,0
46.448442648907964,0.5977474264312252,61.39101378744439,6.730463307767251,5.712988706489063,0
32.79595677065773,0.2938828741085979,70.54747431658362,17.515029371950575,0.0,0
33.99721206762851,0.7701976728754932,25.273676554891704,21.94092366608473,7.175939647462049,1
40.44644573444398,0.43570752545153496,71.63489017789767,15.908612674461683,3.9112191813191517,0
32.535922506118155,0.5182219498884817,25.04918126758543,15.413743252943927,8.43316726380582,0
46.69173384876091,0.5905033079112555,64.15299686066764,2.7716272719759143,5.574244003009836,0
49.3283387174716,0.67993040438709,69.96761503788196,13.075909909542421,4.66508185032538,0
30.16775438332578,0.47747086540689676,52.70206380841275,16.795949733602733,4.62248213558296,0
31.702488707649106,0.5993069121838118,63.48127623925073,15.145042023696993,1.706808201134379,0
29.395617011567698,0.5457180010710518,40.08077278056741,12.573172727529524,8.938489043131792,0
29.064980419820873,0.35156337088745937,47.15406266279486,9.480419682692917,6.146153770635444,0
22.670254164190602,0.7279569441921683,76.74753105563872,11.884457720185921,1.236420193984869,0
35.81302859764074,0.6236418586193969,39.551391938010255,20.47008236605681,1.81109260706517,0
32.43945747069729,0.5230685566653406,37.32541079562528,15.192128500589092,3.8306237063206625,0
22.588245668733475,0.790074290617794,49.136473034272754,19.77790550963167,6.259826651222088,0
28.95336327356472,0.6780284531599651,61.479011090462265,9.760018048610444,8.285269248473371,0
47.74896227969136,0.5754481685562055,39.233210820092005,19.02163713384801,1.0613787645170694,0
27.87975313900312,0.5945384913380176,38.73304641678472,6.605201399751435,2.255867689721621,0
22.98679671957971,0.5865347896170952,62.825273661326655,9.50463443855526,7.293592195324005,0
35.148090202648895,0.5419299733858054,70.71219729107833,10.710364505311338,2.072115189721721,0
50.15565856991538,0.6532675849359291,19.737424885549096,9.062915378207231,4.525145794101181,0
25.832955309292277,0.7021208382017166,31.310639725159294,12.040586018885442,0.0,0
43.895615444465875,0.260755545916958,26.642337484039952,19.822174379117598,6.4560674349596106,1
43.79625430168511,0.8411442457865727,39.28790921114883,3.800371387497191,7.556685941874217,0
24.746519325366695,0.772194390996719,53.429277709343594,24.955016943725866,8.276662691731007,0
43.159597675623445,0.20130680064530437,67.71803552142401,9.664364961075382,5.825785966504284,0
29.084130641122957,0.5705197645951791,53.51156530821529,10.39063728899947,5.170270564486312,0
40.543344125292286,0.3918690491136042,58.48823794086589,3.871719147337314,1.810217925626077,0
41.32308248084165,0.33159268921730534,43.6336055390632,7.546788859532226,4.951436508806513,0
34.43187588553934,0.5638350164271202,76.18759837769193,11.476717473003566,0.1270712221131518,0
24.635445360120894,0.34758445922946696,56.17993347673174,0.0,5.205805041658992,0
45.88463672155014,0.8127678347884011,73.67082532176993,8.03971535555764,5.474900413053098,0
31.267522269141054,0.7684941477001712,53.99424074169252,22.153773344065492,1.808239076017455,0
29.38914127730352,0.5326760962591198,21.287995199297082,4.898204486239916,0.45688594725466897,0
20.73247801463718,0.2335692401133644,59.400554428991136,19.29226573569193,5.121937457700831,0
36.21931596693227,0.41489365784396304,41.83803279813361,10.174533443805755,0.0,1
38.54790199601742,0.6081025805147836,66.11630438411136,14.231757251969428,0.0,0
18.86601429790481,0.802771278014923,23.79871377153173,9.81018032871518,9.55209934674447,0
35.20858833015022,0.5842981714075949,28.893648614283343,1.7169262786114854,3.4726876665687123,0
27.477177205571426,0.35275249224351973,72.10302549559088,8.018723869768634,3.3862250255436575,0
39.90856531094353,0.5427051924164331,29.45505891326078,0.6146636930121527,8.385428375574772,1
26.88535936822179,0.5099574739861746,80.67016112305028,4.0125685006694845,10.938700299400445,0
40.75413592682979,0.583259396380917,28.71826017167433,12.876690282899238,5.808567370311185,0
34.50912854333076,0.2592714019564375,59.49661749800108,20.774677631743778,8.738700355814192,0
47.57258599562613,0.6071871861436711,71.76706550673806,23.65082814403066,6.896225640397599,0
29.565966657559038,0.4695804813448777,50.79328441150316,19.304973392445003,2.371681851357783,0
31.483325227037767,0.7867899098730708,37.368445426796406,7.475199194539467,4.583734479234941,0
21.689890524385106,0.47472341394044165,30.971435468213635,10.217738902608653,5.706645901538222,0
45.599023552234655,0.6254889661804847,21.089402864933533,5.814548646825681,5.129197452777042,0
47.2851254319158,0.6806918331248517,45.10102644782608,6.756642094162617,1.9825790396589682,0
27.29132326080297,0.21202442996589071,48.130457875229446,11.504532785971243,0.3745820983229098,0
41.22752236920955,0.8093756517412817,83.96545761339058,18.30946245434959,7.042914159749336,0
45.463141255183565,0.5636070637035726,65.1524831735324,6.618011489656602,5.98141019528916,0
36.510366522670125,0.22947057796325188,64.63062494594608,12.81824371910536,4.35283820974162,0
34.195929914543385,0.40808074511931736,65.1606184937046,23.73564036216618,6.100970669332165,0
24.22587427764182,0.5764860304439873,62.84186055741331,25.64259611650103,6.87986893772202,0
21.900053130042934,0.245679136188561,27.626589694541444,7.850244350768657,8.326318804015461,0
48.62927032724675,0.48260100135985373,76.7425651727595,25.15410068782545,9.255695839566215,0
47.440729203160316,0.3774614519742134,70.3654868307843,30.75970090067417,7.567781507544119,0
36.50156616077406,0.5885384073676132,46.810567835862344,7.662153435889849,2.4497077542252956,0
30.517255583163386,0.14779553361092423,27.607898990860846,5.546653079643183,1.4178676132670214,0
31.2469219978375,0.7449458205894458,43.51342173940248,7.989555426981763,0.8746430539565271,0
40.01095549370491,0.7831114915601041,49.75093230308076,25.783914774858484,2.451496823781499,0
47.22075801046837,0.8089512108922724,71.96955545843898,16.505896338097415,0.0,0
46.72901016484552,0.660986805748988,49.59145866604576,3.2421059806087964,0.0,0
41.11032578006748,0.3462587655770714,45.263394362579945,12.344746656359453,7.31341825672498,0
39.9765241053252,0.661219142689809,87.62976025957327,15.283063974734494,8.986907752437483,0
23.645768002587936,0.19328187281901826,25.688716640942445,14.848381461237938,0.0,0
27.014963909188964,0.2193890060690125,48.95169540945759,7.125720129951094,0.0,0
49.064229759882174,0.42133103294154417,16.0551157209285,25.589383176807736,7.695312035473928,1
35.43753305387352,0.49562891775908474,59.61206536192578,14.712688866710867,1.3015162287119515,0
18.400261468668646,0.6642740352448702,77.44662452135093,19.24090720621589,3.532280148705878,0
24.074216820398284,0.5748776415735654,44.222819915709195,19.433600089225386,6.843765125884058,0
40.9326249750661,0.43439657794850167,73.27856735187557,21.702760069899846,0.0,0
21.181942887998655,0.2940457361790148,35.9678036750981,14.803039593928691,0.0,0
32.529704523834404,0.8857535372539739,74.6426667257517,17.39625132331029,0.0,0
37.60379470238393,0.3935156195720196,58.98567554595846,9.238885341423876,0.5421529178653723,1
43.027987211142,0.4361869547080099,71.31698324226315,13.959721999793736,4.7797813217458485,0
41.46684131206442,0.26225392943654163,25.492058647644317,11.124497216656868,7.039136436134744,0
28.030861786428392,0.7216319480971798,75.50816976027616,22.53055644687038,0.0,0
40.73483815114539,0.601461851554292,61.250048785421896,9.48762368907852,6.468724371117419,0
28.635411065890537,0.394848871306943,39.614456871428246,10.049076629768239,9.317347866979905,0
28.21634051570289,0.21575409615731217,67.58008121132784,0.8316736502546984,4.129084471589847,0
41.92110494006071,0.6222492893560181,36.56060883176669,0.4724747012506607,4.017767493293474,0
38.51825987575823,0.5509393759056933,82.86383931980025,16.325100828585338,7.542021329731938,0
45.64045059359798,0.471213172587595,25.51969492098624,21.00966209961475,0.0,1
44.357703902357315,0.7111382163987707,60.42945788754164,10.69304482919853,0.0,0
33.314727714880654,0.3061257705798915,49.204199570518824,7.983829872286282,7.8259277814572386,0
24.182763415591797,0.49108972467216605,29.51302806922613,8.033358194736003,8.968232347141228,0
27.8060423494037,0.7868595069731343,33.60750882943982,4.525574928309599,10.45626958262584,0
27.012207298872898,0.44257200721178797,17.497376985031757,6.663461141184579,3.084496413056337,0
29.497590495307236,0.57662453361178,54.73259808923541,19.526057281910123,8.342021456629997,0
49.31887668076428,0.44074721237663206,45.173930668168204,5.014794460762587,7.385860383165692,0
29.6374421841442,0.35717902132777757,52.899331229172,13.897097241885959,7.249066497702109,0
45.330789236793464,0.8385805446156425,28.50156870571395,6.760993154786661,5.214978922457667,0
40.29335427778724,0.5561265538685934,43.03271513960369,6.997251451075284,1.9164735262243084,0
42.38360584281518,0.7085849329570891,61.16844279509618,12.688436490647044,3.875619824520747,0
35.512029972319716,0.2694826145556979,26.84169815451505,9.900888091865879,8.275792244908915,1
37.3982602185984,0.32344871999748726,64.32318062296005,4.430545969769538,2.3645005399257824,0
33.47233011935428,0.3476659166134227,75.59881915496743,9.062096923596865,10.122358413552341,0
30.14517781259198,0.5508163668270446,54.01242134718048,7.152389276922768,0.0,0
42.941401502481185,0.5030716465064601,59.24711480177568,7.955116994968927,0.7988121834793995,1
24.37288569991046,0.8024999906076045,73.6095152275613,10.07207215387104,3.4389887762209366,0
21.10238762248247,0.45624653192953457,26.350113674739646,20.312076458402593,6.970668584300585,0
38.04059594767827,0.8093652107080969,22.70296816681582,16.7290426006349,9.927625493223015,0
27.018187051803917,0.3927351405782996,37.80220247935579,17.621950805490172,3.1570608692461346,0
46.62871605372203,0.7022175137239923,68.2041689875876,11.600325346758156,3.0728334761550156,0
48.388384427143826,0.6557790936699269,25.002280905951423,20.470928835893623,5.743507461422939,0
48.455906264574374,0.633469061088999,64.8506130275868,9.435017311641273,6.382753278713127,0
32.836271396003575,0.6561321003354894,71.90504291292335,21.194071151482106,5.939214254401147,0
18.06310568175447,0.624150517312499,79.42782850509549,17.63095499999269,4.173219013396819,0
47.18055440594986,0.5145351796407365,51.80852103023144,8.264720341735366,6.261062698997266,0
31.895633827197518,0.2804511000223938,19.324534315582902,14.826514752860158,2.8373805296481405,0
47.692986106162664,0.18101704614181902,63.230842734447634,9.275567594454355,5.596919684271253,0
52.43950779323978,0.7641980042789496,54.993108536747464,22.709109401573862,6.831404049623501,0
46.400247085942716,0.4921954064022615,31.504230383196308,10.948930833827793,9.578182616830862,0
26.311698853417482,0.6944663861964288,24.9936914875137,16.05733602928176,5.9290789411856615,0
33.38865575216731,0.5305898589879763,82.13338381743228,5.548552168086676,1.0417045666940368,0
49.77841253953096,0.1706981312488639,52.89613732602692,17.84565196036777,3.812121133621263,0
31.572590675790625,0.2938143038139089,69.69676321977506,7.8700448059068195,2.8760661988773792,0
22.046042468674745,0.6727226219610475,66.47676679487044,10.858610758641431,2.0869261179013336,0
35.73556972801801,0.39770148600511734,56.12450053602417,5.729633450124462,8.65190901339881,0
50.618465523196676,0.4039434553620872,55.48121805578897,15.274488871576608,8.305369585901953,0
39.46555496901163,0.5159076785131644,43.72183565085414,4.6071363272843575,7.366386402308334,0
37.989473958973406,0.20327476945715994,25.99572598433149,14.57296944385659,3.3638735190118743,1
24.464562919981724,0.5463943872657541,47.07049838550518,26.909526102349847,2.2315026452675846,0
36.59635585781893,0.38931238828714476,68.61647210247693,5.984945509240155,3.1467259377925005,0
49.582564791004295,0.6823357299529337,58.13687963571638,13.817524712811743,8.2591475427857,0
17.71998577695758,0.41315497497646275,79.73030835640154,8.929405081837206,5.667286330185736,0
33.50111428824352,0.4270984097951124,41.24753246450603,5.935123479854118,3.289226849731339,0
45.81605585505235,0.2154403651466643,59.82645525037749,22.229687083250024,6.4772504422449355,0
39.727492168696436,0.1727824078314863,63.840990747909196,9.411708154627041,5.407454617979819,0
44.175294837721324,0.4299348307765759,46.60889181834695,10.272896250930716,7.064128803258472,0
38.214239763692014,0.44276791875703464,63.75628551472587,13.761577086541198,0.0,0
29.904645563198684,0.523235831742094,31.725108947450018,17.148146269712218,5.894745957033491,0
29.069236482506984,0.43680220598610386,50.33421328723921,19.77799608725845,11.263859498375657,0
47.16338124248764,0.6715546377056391,27.99187058619254,7.17826190837955,6.223380683790765,0
41.431677538016544,0.7465303443588817,40.634536838120994,0.0,8.498196683045265,0
48.33849706171303,0.613294955102381,45.8814837214678,21.283426820933684,0.0,0
47.4176826987333,0.2079508727242742,59.304217660168476,16.483507872631055,2.6146892522518406,0
33.37725466373224,0.5489590533536566,71.5956334608582,18.481884872075547,1.974470059530578,0
35.96969578914253,0.2700439527329001,50.60993834847544,24.958260750032455,5.614805036808801,0
44.3469747601502,0.4611934865166012,68.01250138537611,24.907097986711122,2.8177426297283388,0
38.298484169015374,0.8116634479300064,44.63199339391889,13.560066671272802,1.4476683116919835,0
41.19861048771114,0.2950997815654095,61.377804387125934,9.91224669137602,1.1319933751682818,0
43.10315288935952,0.48387706886068865,26.568889432296164,21.868011972949233,4.645365767328258,0
46.92719494502949,0.5775704858299857,26.634461206557834,9.79465538890409,5.813004015474741,1
31.464116054588168,0.6138554905074352,38.32336233063005,6.3092649547712405,4.3198899257957555,0
34.43952221148903,0.571194643926578,54.32014831562768,15.20725181608637,4.407071441546944,0
20.34382719757237,0.2536976242912394,17.833097074444616,24.928244102272792,2.5318561748754824,0
41.614470979197755,0.3565773119209976,26.079424541652124,8.040644723898332,3.9654758994189416,1
17.17409261485726,0.444065338352938,38.91916293373782,8.25135321341211,6.3587692363660775,0
33.66437035390263,0.16090963083173515,82.20891400047601,9.929639786190068,7.803864114129824,0
37.45597345419645,0.43577572507113566,38.62312599596057,19.846365221846348,6.141193285014296,0
29.158221299318598,0.1647535349661262,45.934912513266745,20.857600938309744,6.473070564043558,0
36.47959877742913,0.13950256864538824,38.877712072796115,5.815756455678476,9.24133128052583,0
20.498762997456932,0.4575828959475058,65.34130258353399,7.7959871120253545,6.420005678341095,0
20.134443793158766,0.40427942829747576,41.735283184867434,14.715634452450052,0.0,0
43.499287305901326,0.5402209633799403,32.84614541913072,14.787209754778695,2.690392273283796,0
32.50492343637993,0.6556035202049416,46.95302909855412,15.47457262145908,8.663249033135807,0
24.52584635148664,0.684443487392828,16.178125916842422,20.644448733595805,6.376342564710036,0
34.28147861112282,0.31514566388732884,23.072412485282307,0.30505156287941215,0.0,0
44.89900634382482,0.34644337350483023,35.23611965055488,21.940493253022805,0.0,1
27.089229866658517,0.24822697699120755,29.211274714781414,0.8679040793937491,1.7669906918217095,0
40.31243851224793,0.5952277654297773,29.733795710522177,7.1757338229416305,2.358405273723664,0
23.819681633660263,0.6399703262019415,32.816237451526,23.899678166543463,4.371751347384871,0
19.892461613214085,0.18554716421323275,73.41487886340337,12.985519982237335,0.0,0
34.8202768666505,0.8113294652230403,49.33261546558598,22.121417410158664,6.664451081871359,0
37.713640858549724,0.22243478235611297,48.84020719762322,15.508238479985707,5.603092482019223,0
40.343637575813126,0.4869905432060001,38.86033042374577,6.309471459706098,7.2730950164112445,0
41.740936823751554,0.6522618038490701,85.8835606148888,10.365024691077139,5.66964714492798,0
49.51021715049361,0.6776580751580996,59.37049525425831,13.24608518320112,0.0,0
38.04434024061271,0.6298612171479132,28.2591813034272,12.164283892935497,3.508338818263455,0
28.50555141056572,0.680580900009665,56.108007873466136,4.665397771392152,7.764842273636326,0
44.94978060540118,0.4579648938172625,29.502831850998835,15.783770961417904,7.892685445189114,0
27.72058223299444,0.712629979891905,45.151665697470705,12.676544936166849,6.90553344426144,0
32.73378021471465,0.2468175598935479,48.84137819528257,15.077345925230098,2.859410092165211,0
24.55124514424236,0.777778308596331,81.42940826067216,18.453199887093906,5.917386829872741,0
22.411355000439787,0.5980658031431074,50.76314861636413,24.55975121888189,2.2328697218587683,0
50.50647171233903,0.7182691772950894,64.62424140735683,0.0,9.51820624901881,0
47.690361229674835,0.4719086017031491,82.89863160021652,5.921961890270372,8.890785547854744,0
40.921233866076456,0.5205548055004071,29.997280246951178,18.46807674750106,3.783384255819089,0
33.632494275018026,0.46258591340789945,40.67859403351923,12.970040921116967,4.965668444131776,0
24.57829608893846,0.6236924778354659,40.58829860312417,0.0,2.658673174287123,0
25.341443985109464,0.21850237911038956,42.51818194259973,23.86895034462333,4.363215582582052,0
27.247000836202492,0.226862685245066,39.160493351074265,26.73474235172954,4.489727812220394,1
36.67079187116905,0.35109443665094325,76.65416630649443,15.202035125923663,5.7667049883597175,0
42.628191731875695,0.32221144578574956,66.73664118557195,0.8164516236462576,9.144842950863714,0
38.16947993506499,0.7195452010523664,58.76317717620166,14.982964564089023,9.163072665777381,0
32.5827914597492,0.3558534746061367,46.934825238504615,16.199340461484915,2.6594212572503433,0
46.633923656896414,0.788742874231985,69.39944295913244,23.296711504581832,6.571711884365697,0
39.70853027529758,0.3033641467449706,80.6473389670619,20.715684064590473,11.577933993689049,0
38.946843322342154,0.26230397972228187,63.81339257231702,20.461836132273692,0.0,0
39.93494777495644,0.6666147264994068,18.158407799116368,12.146370571938451,11.62627887722357,0
33.83624150693801,0.5347399281584704,61.66177099883331,1.9509730202965754,4.260193356654223,0
28.688620703563284,0.5289138663716937,27.313633440241766,19.940875866707486,7.340277738804346,0
30.654686813844016,0.6097556721797636,33.9865984817024,19.01221192035208,4.166072178664736,0
40.94087457095941,0.6924591595482242,23.21348576157597,14.43463394550681,0.0,0
20.583413775280132,0.3264007012522689,48.63835844355921,10.676780073708965,5.908022993273967,0
22.127855792183265,0.8723366564765429,59.41024880552335,8.206643260388656,6.838413766449671,0
23.330318727488084,0.7923092701481756,31.32117410155324,26.67820283148194,4.755595014555181,0
20.927749306564827,0.5733411132522603,45.9063580632316,15.223106118942283,0.0,0
44.01282312674519,0.28905533738044015,49.877519144238576,18.79178277386111,2.6724445654528206,0
40.466964098094735,0.5930134611343684,42.392049741559795,19.003544457468287,10.030536890605758,0
35.05107778117101,0.22391020446044407,27.296815822252462,17.242925318462525,0.0,0
21.80757571392209,0.22691231244225799,41.835261713881295,22.43413542042199,1.5286267918232008,0
33.1040354623721,0.3626384321592215,68.56482496951776,24.568178992065622,6.308137192168093,0
34.6915275464008,0.4777260750512605,26.36532459394228,14.584511523338533,0.8674225822338808,0
25.6859892395179,0.7428104117323459,27.2708950848782,13.465892836555234,12.101561134382374,0
32.00166312639693,0.695833755599102,38.65610329682115,9.288966186240264,10.313626414665414,0
31.013065420684562,0.693101619492055,65.73682809777928,10.006071785418222,4.5722078576451315,0
38.93960281628176,0.38105110224634997,65.60012236214332,23.362539239353247,3.585655649086772,0
36.156640843034666,0.27986493878308005,58.32601012031187,7.378528112456878,7.903092239368962,0
18.544192744408225,0.4693392533527253,37.40132063005629,11.423592369917854,2.3825167211914176,0
29.801489996289263,0.7242458033208636,59.08704203208228,11.25481045933939,6.378525252531455,0
38.348903168003396,0.2128272447528553,18.64780784206895,7.143527975507795,5.193066111870486,0
35.71590288859864,0.6617132463705011,63.46544470480565,5.384801536358724,3.7716137264161,0
48.645407669548774,0.4571062232644352,77.88224660245768,10.74884575392776,6.0806168686808855,0
41.47612819497239,0.4902423879239937,60.17225471669153,24.165235896446998,3.643266992850581,0
24.568155752516038,0.6731123542642143,65.59213705197804,13.89384136364367,6.233670796638227,0
22.079030006207518,0.4631758448184857,69.49810325489763,4.5407345345463135,6.2195639793431114,0
37.26751961691385,0.594501828241751,28.539757640390693,3.2734541648072075,7.482640674787303,0
20.758313044263872,0.7131088959941312,72.3008127409195,18.24732242732973,2.65894535187727,0
36.99595016036362,0.4726227563942006,24.703572998057744,4.418169298792483,5.608371543854825,0
48.852344363424905,0.2921510999023246,43.15687218837423,22.27661611582936,6.898960798333149,0
35.60976344917172,0.5645781931449753,30.571491485010817,14.229584004587295,3.2088247004236314,0
32.683790814678,0.746652514911365,15.555539102943886,16.853556152834244,1.210678112970814,0
42.36412437927575,0.3553618883834543,38.55870417844067,3.19272586529219,4.394368696278189,0
33.53006641783178,0.5797589685587975,30.090646528159922,12.542577723000665,8.190124224525567,0
37.171927123675935,0.5302826850114346,54.72347150280581,4.007083138618664,7.62497501087104,0
49.62423224671799,0.6996963885323932,51.485676235609105,21.471512154465234,1.0744681359729968,0
30.78063819025156,0.27101413242500744,30.292982888119337,22.496385887847318,10.86109844519521,0
49.283901878338256,0.6281297518337566,24.701190392163248,7.886132376347257,0.0,0
47.18570406024551,0.6987561144457249,44.981753999060786,8.732023151526363,4.483151074699818,0
26.069086240776553,0.2856457527625697,35.007418990616195,7.592755616166786,0.28869639197152974,0
20.534819458544032,0.29828585925298157,69.92946735300157,18.369937613203284,2.2911321824393553,0
23.072360389840686,0.7741897534288127,58.358008025833044,6.798128716774347,0.0,0
21.542651352037392,0.39417159563281107,67.9948252969414,12.106093825534515,2.7749869728063365,1
25.735576038267933,0.6440359988751797,62.34966072941746,12.439388264120854,0.0,0
42.408744854661116,0.41468864397498384,48.30477832424661,22.646875661172633,4.248611105075564,0
26.442024368829983,0.42189716101658664,65.96499142317825,15.695637674064345,7.105969222164823,0
28.03457378303674,0.7119837569059136,43.76536660478974,16.822494819667885,6.124955223892355,0
47.090900602525,0.43372951606860344,36.57996669774733,18.66014958427696,0.0,0
21.06484208355148,0.560885646727618,60.70887116483742,3.4240019461912237,12.475605386563286,0
48.81366034410341,0.38525924465301625,44.717845178478555,5.550750441011526,2.043826805446778,0
26.839046672491698,0.6470709965383034,69.20422296401559,15.89100644799003,3.503969156827739,0
21.865501144288135,0.33201061711797714,64.52654778904365,16.967154120689887,0.9346700075474246,0
39.703329670036474,0.41025335158377135,66.66798568520181,15.515608990307776,1.063936433784482,0
34.620493954776904,0.8895128040644477,76.71705355822188,3.3541512261446393,4.4049610628678355,0
45.272650362450065,0.32459431347050965,45.61585147294552,11.051217123285328,6.056017583562361,0
40.53386599100918,0.6311467673252407,39.29599407632627,6.0922585621845995,7.565390553203955,0
44.40521548449787,0.4100786675551415,51.13944812214648,20.52943030565396,4.770012771220687,0
29.14454912869352,0.7291709398819004,41.11834183522881,5.149471980400307,8.22535193253833,0
29.075527991823456,0.3565997562673525,51.44328428667246,15.053184089088127,0.0,0
44.419290225597855,0.7834928345004153,66.7861438142534,5.481432748699831,1.2717497882381785,0
43.051234866693115,0.4346028313128744,66.48054778314697,17.75467119599039,1.61125748873649,0
47.91832491732348,0.3646288851548342,33.242233910016814,4.698639505771169,2.8825356954881443,0
33.362368650355805,0.2102122799104023,25.36405780096312,20.24366796817379,7.05255161468725,0
28.520076159742207,0.4025241054288556,38.34911403228206,22.204799754699692,7.1044022343040165,0
46.955306353968616,0.5186911356877475,25.305528972880033,9.254687409342708,0.0,0
32.582986449033115,0.38393582829316636,72.98863226207669,28.639727131250186,11.139036627318369,0
46.98436846389753,0.7065640348228112,33.5044215457788,20.753662663274923,5.70661868681994,0
42.3261134971086,0.39117619972059875,24.65828576777286,22.50132800035843,1.1647820565459708,0
35.577565569581374,0.3006478616270454,16.507078733937558,25.899380323355132,0.0,0
42.297052343239685,0.6303076873596394,59.785679824183774,14.541550166777455,3.858982850469193,0
45.11191884648739,0.5912216161826978,58.56086073246585,14.050962904176512,3.155021165829878,0
19.904860747489245,0.2478795956064729,36.82756222819123,5.02117437941006,2.2074482670794584,0
45.87783715447946,0.3274041673993549,25.18681769155605,5.892393618494344,7.329476617080934,0
35.16805857287208,0.28128806389327565,41.84433327077759,25.56097527142556,0.6999088601100267,0
44.887685170761735,0.6777888745726377,37.31477415217335,9.216167133078033,4.278587405013405,0
28.70135708795987,0.6480851008633739,68.99449883559325,20.5161561456236,9.644704477076896,0
48.11139671958101,0.44693877102141527,63.04906022611316,12.956557963957724,8.536906697023277,0
29.540809503259702,0.6354117360444262,35.377717507214406,23.78074370335417,9.259358205365617,0
20.040370574366364,0.7584687743678064,37.22221534469527,25.3239845512355,0.6556797735109936,0
47.402050556001704,0.5350786266959446,83.33914074179347,6.886994470573164,4.903211785447673,0
23.767477971701506,0.708421117485203,41.4987808280038,9.068655604931767,7.299656367206008,0
31.002638883890224,0.3899144331145139,65.39034236558852,9.432602857503818,0.0,0
46.252574827848406,0.2949632721086697,36.12283764676441,3.782627438870687,0.0,1
45.449986066655434,0.3846441555142741,43.522657948341795,8.490455357341471,4.58746207068587,0
39.758490287495604,0.34250223089864307,17.06468908709661,7.7936331097046105,1.4220731330284746,1
39.61974438905316,0.4865258052816121,55.41561440884451,18.375633925920823,4.508807362823575,0
31.956392586236486,0.8083554217810388,79.19852098119038,14.58107962788408,6.11425147282959,0
31.898627101986982,0.22645678064596003,45.809784155345625,11.716097198226793,4.678563624094347,0
30.091285629683195,0.2866955623491789,24.042706836497175,17.67327364839249,0.0,0
42.53414805043881,0.5477428382906878,23.81082705980133,3.4585421056458587,2.652017202021675,0
42.706272845950615,0.7857167983312241,36.64684495525675,0.7342675702763872,0.0,0
47.86886716153943,0.41660846693853193,34.838084720898884,17.758064588401194,3.723644106322057,1
47.19922596872303,0.5579662520785257,27.249075741830026,16.114427816203072,7.395095174657326,0
22.238254794502563,0.20669607895309094,64.22586311667048,20.810491339411566,8.504404469341448,0
36.77575104298615,0.24704543721030295,47.29399578384413,4.150191651480226,9.178302129734318,0
23.017514699669626,0.7397376140742564,29.69914880558066,15.925716177959792,1.3524567275890518,0
39.223129584776764,0.6807533883928274,76.57626476107802,19.440925563517546,1.665901392404662,0
31.316068120041106,0.3057743450576619,29.828624820602258,15.715799604380594,3.0699803717399115,0
48.00322840274587,0.7159266529678593,77.0441746523226,20.519719249415946,0.0,0
32.644299350261534,0.5724092815100118,44.45976984199368,23.21455965984439,1.995285658732253,0
19.994531519981944,0.7069103117175672,71.63383418362118,18.80350852406215,7.009485271351021,0
21.92323343625353,0.48821424827077053,58.999602218235694,16.761494671778504,3.2131412229064926,0
38.76685459600396,0.550144477774515,64.50411989102867,28.824297881120856,1.008352721605851,0
38.00772823059873,0.5363316225721395,78.92302903825667,20.971545750630398,5.204267225656874,0
24.468764795275632,0.5709646825992157,36.432554979610565,11.8790117860474,8.101227343899993,0
25.52791828764198,0.27543466716446713,78.79466873466028,25.087435162097982,0.0,0
41.177263504613144,0.23211315144802178,41.521279049978425,13.61941221575081,4.19773581056673,0
25.44012128206839,0.37232340864553726,42.47335130585701,8.985368900133716,5.84626308897203,0
41.8955988622809,0.7031757364429878,44.553462112477874,11.89867991880346,7.279168679404259,0
37.780501935984574,0.34566081885568156,50.30063525466402,19.48326540423027,9.24394878779999,0
22.329368021463758,0.6408033492974413,21.21581708701583,24.248355406781204,3.406991213799298,0
23.313262320434372,0.815091291097733,61.97060864250777,10.300384989731,6.029202201971655,0
49.53379785884707,0.31501412234791726,59.40955913805268,12.294214028074036,8.752533713813307,0
27.093239672603858,0.6126123488702612,59.25279528076411,7.2905737659429874,3.3503459200619745,0
30.94102433298115,0.40140853418495037,73.46753674248112,29.66539630260511,5.3537862188274845,0
41.775048016715374,0.7408697502141354,43.91160716598873,26.65191930461342,0.2232232879202618,0
49.75680241917584,0.2737220289788401,39.457431037744925,13.515679854013076,8.259496145647702,1
50.31322840687983,0.5891447372482109,37.031214484093134,20.166996891153058,0.05239250814204999,0
40.721585985113535,0.7321873747266208,30.505391200710708,16.03240426696742,8.191353619866247,0
30.26005373125409,0.8286826852560958,19.54002660400951,14.479539288682085,4.303416301267067,0
20.386594457182163,0.6110123958105906,37.09417346850151,1.9861569338557188,10.302124272653566,0
43.18904928327676,0.5137465090350046,31.63390195044078,11.026643130899188,3.210179082220483,0
38.66241213307663,0.6558190913524903,73.82593211083221,13.754678833930258,4.788452634546973,0
30.7552081847382,0.7333806496616595,53.126638124755864,17.200263074770177,10.625461771018806,0
48.19872458387777,0.6724500036923177,37.25782239627669,8.899997313172893,8.634809526899451,0
22.27540923243966,0.2465077180996793,58.238316388184856,14.870569623127901,11.19953485777295,0
33.19300746420109,0.6705310793463958,35.78803285742137,12.008127814950951,1.1736292594662627,0
20.126548623113454,0.6513831316741634,43.74235874528196,16.77457622560791,4.606272292970907,0
31.98933461498504,0.6249659507104869,58.771081787940716,16.761429285893936,0.0,0
20.581799659760755,0.3938927291427676,51.832295459061754,18.090580684733407,1.0551611820662514,0
21.16878170286446,0.6289903497030923,46.466739393855825,13.403732963730072,6.8099878200638315,0
27.455237669145923,0.4293958441933064,80.01067967356232,13.418797542825379,6.404588493642324,0
39.54683616742536,0.5295248744104271,76.53229782073423,11.28461716411164,8.894841040802838,0
40.98189536197753,0.25350465532049316,59.8156022529697,17.096708701753922,11.651473752632674,0
37.929022774383235,0.5521811600513566,47.974329559300465,18.854540603763102,3.677850292198519,0
48.6405203548546,0.7706220629721638,61.585409111421406,6.6510485734543145,5.594527788056887,0
30.804178186644677,0.2583561435373641,36.51518065567971,14.208024031495167,1.6471780303684387,0
29.79969598854267,0.8697997357503607,39.89183407496621,11.233485702983126,3.0302566539083946,0
47.572989265778425,0.46387835292487145,22.557261150691968,17.754277507188387,2.4227291382218965,0
25.646872860362524,0.6626579171005964,51.94940721326494,19.895799678483133,9.707619811137954,0
47.74503970192898,0.6916614238459712,51.53490593956298,5.247794024964125,9.570757928383602,0
19.8145308463912,0.6000413309242834,39.02987440502263,2.1661332913999,9.716790569066632,0
44.492522471758,0.6125803803348269,89.66109330302763,19.676723993506712,12.482961477980988,0
18.26441523412018,0.7204084784471629,70.63734649305961,16.179816250002613,4.673125069719092,0
49.46804194583118,0.44321860272707964,56.423371111585475,14.909894902118996,4.642834078321311,0
39.12096869959157,0.3569749812838312,53.52229070394613,19.12651597735497,8.383796044374524,0
49.29087180446625,0.6329700530303438,75.80596210449181,16.610898703863604,5.866150503456024,0
23.367010868173498,0.678660157734366,26.684808760183927,27.03461002842157,3.261555869714097,0
37.238128841126695,0.6783477030613209,74.69689097309828,8.009565988077746,5.09124184318221,0
55.23683768548345,0.6343135804250758,20.796219839394652,16.6961705811286,3.1488161817159983,0
37.932085147973616,0.4394770738715893,71.11723286812237,15.402453789275322,7.863717390992587,0
38.62612396109634,0.7268195975964016,33.51674999128695,4.62835222446884,0.0,0
38.96137978833766,0.25348377561777674,81.22232439212782,7.36055509280462,5.289004948773856,0
30.423339302518052,0.61304165133818,86.60510239536447,7.287356373595641,3.844409845246181,0
39.23366967425635,0.18347338701814278,25.094475225390198,22.997520297031983,6.809647353462759,1
36.016727867124395,0.40598573422775647,45.012750624380715,12.381593838586504,2.0332214772677,0
44.190232895534336,0.4665064625164933,83.15718212466011,14.089668970261807,4.233202006196203,0
20.07024564175868,0.36678532831890165,47.06879290944123,14.753852796761283,1.093390210247654,0
26.26579968053812,0.5292398834148785,71.58579526121152,5.190536582392495,2.3924770017662054,0
51.886627792441885,0.3568520450337027,55.45083343059124,0.0,9.564419926983074,0
48.47119303062639,0.5323453787448775,32.92142869418783,6.943910806737247,5.641580588022838,0
33.65375730093815,0.3149335712299742,37.077824601081026,2.963951743407158,3.4024662958846785,0
41.56386621182615,0.5518610392610167,28.744746594844365,15.317109639371886,5.034393283400053,0
28.476172104729216,0.3081493964250215,63.242277370662975,23.75097669180207,4.49524497870601,0
23.921066389056314,0.25314511942091805,50.41059042672574,20.701090642227634,7.045158822361703,0
36.95720030273878,0.6391746536572206,44.39399326064879,18.69254315912693,9.063656822383345,0
31.678386928150903,0.701232323540966,53.6055547338108,12.6637942440581,9.455833395973325,0
35.43519104687324,0.6747693864375887,53.24192710232884,24.295430188586845,3.2714332496223872,0
21.95136175278233,0.5385147378100006,70.53582789499396,22.23588349021147,3.4855175459905947,0
47.48060772321548,0.479074594398111,82.79622009526433,5.973581040758166,0.0,0
46.82072287245941,0.7476265372031543,46.155308987273465,17.89078057018596,1.8026159269862738,0
42.79720651565564,0.5503671248900628,72.50420031247583,12.131872362680262,4.075435957690337,0
39.90172427126387,0.45994984076141193,70.71259098194737,18.578786846263473,2.4320611732716038,0
26.48869334095155,0.17447529531274603,52.75519517141779,25.07213982478281,0.0,0
45.5397890645896,0.4045799737051462,74.30164494417724,2.844191828219291,0.8906414021727006,0
39.24065003837272,0.41960814014526787,26.60271829891517,21.13406233475684,4.5342568235524165,0
23.904257412817348,0.4166322660717765,22.428799968682508,12.20310562911683,3.6150706808326505,0
46.14302768633753,0.5829227939092352,85.98319014386897,25.35672375164389,8.727028379348377,0
42.94813574833544,0.5679267884646527,52.572386901708825,12.512206987541683,0.7706966390499018,0
48.59104065464737,0.5691633999906592,64.06275942138352,22.990643811451303,7.1638044653586554,0
40.10968501882872,0.7328064609780403,66.97312252800704,1.8342626584428756,9.275677802576118,0
38.94336952963337,0.6307069875229809,26.156785925736745,13.373882048239942,0.0,0
32.446814869820294,0.6211908727719108,75.74420976605347,0.9110590246422947,6.832123269147546,0
47.503958406887584,0.7374731015428205,49.64356249875215,29.569012922072297,0.0,0
44.16678936092906,0.11761271875216389,49.35117037248544,15.54749033776746,4.385626525088675,1
20.203017442049013,0.31333275711799274,56.96827936557811,22.912900882327996,5.149481054353459,0
22.30179168656907,0.198450349567721,77.222354024602,24.999492370559437,2.248033403535297,0
32.29573538159025,0.6641573156548684,21.57643069725249,1.570708976932416,4.378909450758548,0
42.361489433857884,0.770358913597731,37.514106235331354,12.141926441389707,9.653854427817034,0
49.816948490306785,0.29488003672931934,60.11432439295767,7.4723584572925255,2.659626501602924,0
26.015280979849422,0.8489253551944935,59.10538529059214,0.1977848175884649,0.0,0
34.48511089832131,0.29721211895000416,62.42800298676904,8.783647294338909,7.641238101093521,0
32.51344608369052,0.7897665012567394,42.99240277750437,5.309653393104077,7.919836833419552,1
47.772184416546395,0.3996494074012891,39.8011436296724,5.279935440864156,9.899384790086307,0
46.404765031257575,0.2128805352333559,39.95528309415882,9.20999555151134,10.11958231282881,0
43.6233428282491,0.47291271670824275,72.87523997065657,4.106948948988315,10.46186724708008,0
30.451030592520073,0.4085033716175141,39.13903178091924,1.8656980684711737,6.585319770671358,0
29.189500194363628,0.46515305647388416,34.742770284291396,23.786953165028816,4.7228622119710835,0
28.29838205124395,0.46153615536938136,80.48113410836413,25.667446673615544,10.658135372165404,1
22.210709902970777,0.6573730676102844,30.814514930955838,18.763466959581844,5.615016033828241,0
44.13303803744279,0.4675158943407023,74.21480916428912,8.960101454763862,0.7058878985472965,0
45.664215191457075,0.3938289318391624,62.977438315501004,12.894770127779982,3.024006831367038,0
46.668490074046005,0.47777830170840857,65.07625231703933,25.93385056642449,3.8768688381970247,0
49.766945514922526,0.6458487902431553,40.454727012482834,9.193546442075524,3.4702334579657523,0
34.240918768553904,0.35619427112518687,16.265484102593128,5.168659487643082,1.3072068908262435,0
41.765950239811,0.4248276358217989,62.18533704566637,13.635168326207594,7.036255694717125,0
48.43776923910567,0.1933965026388287,68.57322624885101,9.765943674405005,4.6047412104864,0
43.76859498975443,0.3343696150492941,69.3076515139347,9.935491366672316,4.698363710347183,0
26.65133196383628,0.5820356703958942,33.16328945776239,7.735147168087158,5.547507663254086,0
35.52890967773168,0.2503671668318618,58.97708845318621,17.35477876483769,0.3780167526424078,0
22.720998715498553,0.3714849195361537,66.4100374814577,2.957911127912894,2.4103683206626187,0
50.29291504189196,0.6240520117809278,55.96453166645743,7.834213526149621,0.0,0
35.92582532421116,0.3527387336903335,59.6744314143585,24.96054804110257,9.071165128957315,0
27.918892520934445,0.6234502925047357,69.67020112854208,8.017455365838938,0.0,0
43.03415777349151,0.33108285739150467,55.273832911968405,6.648710139063721,1.637508668416059,0
33.6005582134823,0.747645522124459,37.44986526990836,26.016644552795835,4.7435521416134225,0
29.15109103004426,0.5135661008357061,51.42246770683613,6.5026785763386465,9.287289572974418,0
24.560872020349947,0.6336762579056803,17.770872576525118,5.9641446067951165,0.0,0
39.741105095698,0.5452255202847305,41.62871184109114,17.543996464676056,6.3790067963631385,0
36.351522773856416,0.26435153363212605,49.533305824684646,5.6209080108656835,7.509865481062087,0
41.96158137863754,0.6412374865506288,34.40280451276412,14.850915647009254,7.524418848651004,1
35.7780846083056,0.7658343014999968,32.99931547697897,18.893148827042282,12.113891906472944,0
45.25409053877204,0.5507834045789504,17.260264001783664,0.45083695141672564,1.8800767179561026,0
38.892769286554184,0.6476141863182462,77.84893847741225,16.396208877563318,3.2834857571434313,0
37.33698083266401,0.6891798603070518,78.80935244472276,21.16137114372014,6.929399493819097,0
46.974813403900754,0.32552391857428314,19.997524856094486,0.0,4.426408773058748,0
31.28073205412698,0.3455951792857449,79.98005786811427,16.255123334018187,5.044974491893227,0
23.045244405374234,0.6122678246222576,38.17585726512032,10.215358416022067,4.619069285852542,0
19.998363913760926,0.40645813435000566,37.99081821021824,13.589423931480832,7.510994412847907,0
43.44302195496516,0.7785512101680083,26.25083038078524,3.552879300825203,8.242112517605452,0
37.767317578963414,0.7264576939866783,54.65880678191422,8.672784225575857,11.28030183381717,0
41.70194275676954,0.4109844628642091,62.601452907982235,9.747019993805358,5.061191483520739,0
30.539726442558198,0.3047617514272981,62.85362444301869,18.64447592621537,6.31029331773515,0
25.833393674466475,0.5471032961326701,18.38643755754049,0.0,7.004858705759313,0
19.784292905700774,0.40908589114693417,25.651028900445795,15.21174398466278,0.9308138198084881,0
32.9200546085258,0.7304107859628288,39.69566534614311,15.4190802145492,3.8945271495210974,0
36.88137985959589,0.440176574333347,35.6769254470755,18.83012268543297,7.832576314236922,0
27.691072282636263,0.603879475436126,28.963982409411727,15.895838291691962,4.2668524312594505,0
31.108075038877065,0.28311814918600586,40.115951143641105,20.56883779361285,0.0,0
43.38317699276074,0.49618830196161673,72.5012201810964,20.54515254032464,4.285488329767594,0
29.744637042616393,0.4446079733750228,74.58058036812416,24.542721058422288,8.619416106400681,0
35.45652143317343,0.5916783118863759,44.49735164645412,8.32668982199527,3.8077597759731074,0
46.86246500678486,0.23809405348845564,67.1237030547821,18.31047343909161,6.150568485686679,0
32.550138217166435,0.6568021435748408,37.79135883483898,22.28484298189965,4.008502379535736,0
38.22439994921848,0.649849156294767,48.33519609541877,25.33953184301392,6.411493626411288,0
47.52972242476934,0.3533653791761417,46.66570532410986,18.648760887870456,6.10134007077543,1
44.0633480917135,0.2556466591972228,52.86872740167983,11.404614603265792,2.6829070539155246,0
24.88343354408827,0.13342656083252633,86.05975310425072,3.992965143545606,1.7529021045628923,0
49.33935914261877,0.6434198679888182,61.19387962993176,11.341180180766056,5.737990590185639,0
31.80631630082646,0.527526842813366,42.87202706926361,16.611626507280608,8.632821050799597,0
30.034839735382608,0.48750582577772306,67.66214918040737,10.13038383162817,8.119259342944924,0
34.45106550213667,0.34919671753113235,29.235768070957565,19.48747406526526,9.764378974450702,0
48.57040143076271,0.49197546501474454,75.26534079426357,25.273316870846617,1.0647873353273958,0
36.04410655199866,0.5058947101627841,49.91943378170246,16.07338942497807,7.806999711543439,0
34.40393402423404,0.5011441078079003,53.078828934471666,18.106592462001156,9.226591997468915,0
39.36575813961876,0.814112137145461,60.63423347626558,11.570271671622319,6.5400338484928024,0
27.700809735946464,0.3165191318971971,54.35864532988308,5.668838554989518,12.04261564437006,0
21.357178044179435,0.6259088101924175,17.710312400596948,10.354683326001883,5.978584146626884,0
22.16670291838989,0.42423986890840915,59.942130086425855,16.78189909927225,3.1450029452142316,0
25.502046801821663,0.4155402579229329,30.515707996943544,8.616798660196553,5.797775047894613,0
22.844913153551097,0.6348658535472245,62.51953507731861,5.328952930751121,5.133413109209087,0
24.30794765392109,0.5618547401953415,75.5392783364725,27.088368991333166,4.523430523862558,0
38.2709274505662,0.6486860720465827,65.95100217771727,7.848670098536774,2.4606608126674034,0
26.414362183467126,0.2988645638803585,52.93594113791547,21.96864456872862,6.136132843758265,0
31.037342710289792,0.3076625316848096,51.50030721268705,10.8859000638054,0.0,0
48.97873218569616,0.5164566685001528,32.81471209139113,17.039062346516026,4.25843887844339,0
33.198816410176676,0.49654561496834865,55.2863223542651,20.26846332846901,6.768364209093008,0
39.48698228504407,0.3954541129861434,33.25106135297638,4.36587817926412,6.897058914277242,0
23.212068704484278,0.35052639487897685,50.858143830474155,17.732632168284688,4.904794587045189,0
24.8800840441079,0.2524346351416287,43.05684035778532,11.568419759757322,4.896813754971276,0
21.98065947408407,0.7001143777370142,25.570189542450557,16.535918191611124,5.311999526078086,0
26.582029125455637,0.3059755727760037,48.390698283294824,2.776335036666439,1.5543950979182268,0
26.51337952260351,0.46276675822672175,26.35847931920491,12.972852232960395,9.708827184972233,0
27.049526368513728,0.30369563237996605,61.74190210344385,12.410654461174223,12.362659733424962,0
25.37235173032157,0.3730381831666497,33.10687442021519,8.410838908518285,6.325708755391089,0
24.445945939465425,0.21751712953855437,16.886354631703,9.376715412036791,5.328506056880203,0
37.576954666097905,0.4637694441320267,49.74512156595454,3.8325707919801344,8.462600738559349,0
24.642433153966625,0.2467010539550687,19.787391188965124,18.651793047230424,7.770912694402722,0
28.43878642481943,0.761447827616895,25.542343183758625,11.817228483950306,2.8066429555449144,0
31.545077627837152,0.35638121280206125,66.90392023177863,19.275118348227736,10.93562592516268,0
43.70393348185932,0.5113894736563921,30.135752503705564,23.062668779223575,2.088979056243152,0
22.488095507941082,0.7134568890910977,73.61791949805766,15.241073041769935,3.5280836395722392,0
43.87114262545037,0.5123668809934837,14.540767007390903,5.623143626831864,0.0,0
39.39694893736687,0.5639301607881592,33.801974482376544,10.077329742681899,7.74562655265261,0
20.201792863869407,0.3907083920185853,64.421636792977,21.53530140029669,0.06538767505589993,0
51.098862682436966,0.39077715215538755,41.97018093156796,12.528554027486056,2.597126088963254,1
47.88461437990486,0.7613475515111573,29.455245727551212,6.205308657342131,2.5501267896966913,0
22.0511283848557,0.8114212621509849,37.9431661341332,11.848641525344842,10.38031838494367,0
29.757862692213493,0.559513961404868,36.63357496513933,20.58531429062241,3.0798736211642064,0
45.14805685726527,0.5133521706117378,72.8491161527095,23.89059548993137,2.991442489962879,0
42.89555876006802,0.6958125916033855,46.079986665842426,8.711773785719743,8.375343697450344,0
23.954681669800696,0.48478688789711916,70.85848100568404,13.355007777043543,7.665036598514545,0
27.2234164143733,0.16417150664460278,77.45761212552168,8.126037760076489,11.09896259512,0
34.878212076691526,0.583339536255506,46.448178314238575,1.0840975465755314,0.0,0
37.2265296480406,0.7411679664262786,81.64888435728105,22.244455492200366,8.446820823478612,0
41.734016399187674,0.39884665422547305,44.687897217589054,13.435686963263224,10.162746223217855,0
30.044977834230803,0.668005337778132,73.53926543853865,5.211010818107297,9.348443292742601,0
31.896831843477273,0.2981941184124963,32.374221322160324,0.0,1.9817903215233292,1
42.1725543038134,0.5855474287706044,64.7106723528897,24.317477129605482,3.5398553760607943,0
21.211945911295324,0.261398645314402,47.41362232177331,15.601276158181163,8.649390248465334,0
29.761491367262522,0.5128612455110221,40.86146349034261,14.530300417430476,5.956346703945256,0
38.01555831710694,0.6779346382018715,59.44559045061986,21.04543598333863,0.0,0
49.915305769537206,0.3662250817938456,64.54734947439779,3.594259507695102,2.042030417593666,0
35.034307466312,0.5667695430764578,21.248257507174575,11.833532713881322,8.796725613232448,0
35.10964241806463,0.7287680173528956,31.573728692046345,12.310603039967063,10.289708904048352,0
21.190951589672945,0.7395679250823447,71.28254991094103,5.421498354521063,0.014539020769792188,0
30.112657660972097,0.3206028259511723,65.34084057586682,13.981456348829457,3.6953555443533634,0
37.62485916157453,0.3918334205181172,78.91602826404575,22.159645120070493,4.3346725499601595,1
27.420751043418697,0.3126295612779235,70.3688203188844,4.031543083972839,4.182496007419249,0
25.497375128999323,0.8986163472571825,71.88374294624259,8.33240297005799,3.483573863321989,0
28.728367349011446,0.7028239350418637,64.14206534182246,8.146858362508535,2.454810496410552,0
19.930566534751534,0.5251852510019738,46.929664267032145,5.98657695895708,11.085458742654785,0
33.000418018074136,0.7758310043966243,25.231665858089517,22.346287770087013,3.386430381098159,0
25.82425750716913,0.5085927168009395,62.6712621576007,9.795714869732631,8.133751784091041,0
26.818634659101228,0.5967700026141425,55.388508845589655,12.619863667597125,4.0949177602875935,0
23.10137782640565,0.200354982862266,17.442995556885833,17.060237185584956,8.325058429582072,0
46.1703712827015,0.6745776071584673,37.67921841342019,2.211181341627314,10.652377380583692,0
32.41400032073832,0.26727087693091345,75.55544843610703,13.983086587867334,3.9917614676792117,0
40.26447984129907,0.7449270779355103,42.99623364671886,12.527879252357355,2.454046113443603,0
43.213268097802796,0.7285861551804692,46.04183983093029,18.07756708741881,5.4970047202560055,0
36.34567869749855,0.7547250007467168,51.97336217849088,23.69645046603479,1.2298199699930157,0
26.305520832513402,0.25067788697553595,27.99418253957522,20.92148310439735,0.03911620767495366,0
38.36632631365195,0.39816682939630543,49.718849870096555,12.803303886221814,8.427877180645263,0
37.06745615951671,0.3675867570253725,44.742755801868576,22.368041625797865,4.845884914611133,0
40.15013240804656,0.3984235298423771,28.29420413936863,3.449331307780618,9.737794476146592,0
38.0965059933901,0.26950984023138763,62.764884941814415,3.1487552319196497,5.240851676860377,0
23.945845951895887,0.7474046233116863,49.262892049565814,7.794733454842264,5.992643239843412,0
28.541135757787625,0.5407043932409065,63.871123707008834,9.851001191351799,7.733828614126447,0
30.844218717739047,0.44919446317521217,75.47211757137627,7.483924446456621,3.6070509150679593,0
39.773686761483745,0.387861781980588,33.578839980887146,16.62943910436804,2.3841251545363664,0
36.83462831621948,0.5253154523593537,62.207465030131644,29.581524614123428,5.59927993158537,0
29.535577763174917,0.6262123533833637,42.45893522165464,12.646524413389578,8.075057921768076,1
48.501739581308605,0.5035042302683447,68.33405506390608,11.345108532825813,5.476693744512733,0
38.10773804027462,0.6455424389782208,35.93058184185417,4.275634905062784,3.4778306463178383,0
26.029954209812303,0.4677869903887766,55.92705199748165,3.7401003424928625,7.344458395877828,0
21.62778261325779,0.8601445362220432,58.78115879565897,18.254884620325797,9.73246200377378,0
24.798634630913757,0.7097115715321135,30.882399622008737,8.304503636985261,6.778394251780892,0
26.86877741669353,0.27514119699965595,32.43692528240369,23.495289842271845,0.0,0
27.828427174952047,0.7331183827249389,52.93576905479405,7.466896632126829,11.71924245428775,0
20.29507110475315,0.3118508400565133,67.07734717633745,2.1479086178705025,4.997790124005598,0
30.735868764660335,0.7178065035047839,42.065795294031005,13.343953616157965,7.0413738081089825,0
27.693378243837902,0.4164273711274633,55.20609714919095,10.550379250096993,4.934440707259177,0
42.75618227397645,0.7084433716763073,46.61798729211383,5.7580767268786115,5.53012534073592,0
21.721637181688564,0.7012461066122792,64.09462431362485,15.23670266127428,8.214237005160424,0
34.99245995511606,0.6374347308456476,29.258707212679496,7.027113559283145,0.0,0
29.49688142025421,0.7547870462577091,68.37012673778942,15.797282685081193,5.723345905729632,0
47.91572513207644,0.3666914599982575,27.431447329571895,8.682766547884999,6.938501595763464,0
21.140015374109915,0.30940949587202615,43.81540950186764,6.210000131170591,1.857505080671511,0
35.44020885821949,0.5178539098552195,15.661503268010712,10.283556060749522,11.825832329009922,0
50.95546978455599,0.3540302538993032,27.167453736483125,24.008375344449124,8.514498734461238,0
48.50832396680773,0.5953896377055747,49.63447308232845,10.766998389257537,6.816393072909971,0
45.955506256564874,0.42784634043950176,39.451274480869266,15.909063546704774,2.2429906790205147,0
25.478981268913742,0.7841563401964032,68.61858604708233,3.7055952584712797,1.335078734722083,0
24.077587089142423,0.5393981533706929,19.234364387561772,20.30982680272825,12.362651576520161,0
41.03804572018877,0.7097063022666968,46.404996441757646,11.13711082574407,1.5837341020059408,0
45.43702405604369,0.22056281408711886,41.91602295156615,19.389326042290577,5.680920820050002,0
38.12888365076267,0.7765926587866518,22.74043764096995,12.461369925101785,5.2619558521364524,0
36.66772988778072,0.7304234494431171,29.80844188907324,30.825898245905485,0.0,0
27.649731194709336,0.5022951340850036,37.14069987908259,11.702743846366161,0.0,0
44.506707932165085,0.5779161562278937,53.35581846678171,7.347971557189175,2.5553648458129783,0
26.49983907969778,0.6459406318565936,47.31972880536016,1.9854328669471293,8.791968506568294,0
28.98844476048915,0.3342378664300112,46.77284506184314,22.61782463648967,3.5259318902990584,0
35.081752765221,0.47779446304693923,54.487498125969886,16.587325179768154,4.058106795251846,0
33.06618470533386,0.4827626815362501,20.398892829531977,23.4851973274666,5.343528667093388,0
28.504163186340936,0.22052541128501207,47.173225645201576,10.563893716399512,6.259234220380171,0
24.63130725811287,0.4268396323522395,79.47925428609797,12.55351714702331,4.024904395136576,0
37.69950839462099,0.33784983558421033,58.29877071692884,1.7471288672780099,8.402754914510705,0
29.311182641691907,0.16547057793941344,66.06136968590133,22.3990853393364,6.0755228550652705,0
34.93491948990776,0.24721252496665103,32.15073550785596,18.358784385091298,7.622718707742827,1
26.478935496639874,0.8035644594364502,69.54983264069598,26.263101235487248,1.6363443461719664,0
34.064398782758545,0.5386968106339901,73.01995551024395,7.438255268538841,8.889133700683042,0
34.9322369355095,0.7970248016556101,53.21180546269436,19.25917895533336,0.5139969065172059,0
23.652724556346584,0.4839580835054624,84.01573152268264,21.963349507189207,0.0,0
28.6894409647321,0.41882575327924426,37.59436511426303,6.5546803487042755,7.964001833839134,0
21.215517715442108,0.5591701098019577,26.135407623909767,18.99575029397065,7.10962074884784,0
18.787990767135224,0.4841979460261717,67.4560356836344,23.36358846998969,5.30618359014078,0
50.91082687438964,0.25133592782611924,73.65477461231671,23.27450571157569,3.9646034461026693,0
27.109756644249124,0.6181244738742604,27.93687291271903,17.424839405304414,10.664508702247813,0
47.80582173960778,0.42461700625052057,36.05448519394114,12.438295670275377,0.988889411826855,0
23.475360827145476,0.5651210856195691,19.296070623429074,9.749369552984884,10.113071663863307,0
43.83799440329796,0.54139419020536,45.415583440994425,24.27562851498109,6.409985348971095,0
43.22887073109583,0.34656894534153754,62.296369105410285,0.0,2.972996208436569,0
37.675735994494545,0.23079071806872098,58.73947028614532,14.521701935286803,5.765346780474209,0
33.05744748288685,0.5598234743403621,43.38505620879914,19.08668948961645,3.3857443092289454,0
33.153499653122196,0.5182513381191132,35.30782682037011,9.924072563380832,8.2350888455036,0
30.390778591440164,0.20813186800558936,21.9194640078852,27.81041568893013,5.291304267165075,0
50.09247809146782,0.7923931261866523,27.487899115656028,8.69876548944872,3.1327592640647746,0
45.147037530955956,0.25126735312627074,61.91506458243101,19.548631776028905,10.737245143350378,0
49.251410842919135,0.6265461213040853,82.87782404392638,10.73935501961911,12.325857810905575,0
23.00169228013863,0.8256799460150002,67.8618698407737,11.640009932763409,5.798276586536563,0
41.812133008667196,0.32173374400106325,22.03343635850966,7.685105095807561,9.430512324192973,0
48.76581724241525,0.31100491112112183,83.68442344924178,12.884638692091906,5.464482800438999,0
22.016655199656554,0.2598536297742615,64.46317127660787,26.30466900563355,1.5833166220327626,0
19.2985171767919,0.4189056125849324,61.528029478975824,18.60205663882435,2.0948305692323603,0
43.7201476667472,0.29139586080704066,54.88806255252728,0.9127342600552097,3.5798227827450124,0
37.57592427165324,0.5685248699142494,53.69325352992414,8.701601009066572,2.0345146106203136,0
44.886896630042806,0.29167418468678924,38.19342208923079,25.106715678175657,0.0,1
24.23003916491947,0.4788551046341714,28.999006714303725,4.912215367374912,9.571217056070555,0
44.55318276652005,0.8384210022258435,40.401501387276355,7.333606511513256,7.461841952088571,0
24.96930024081361,0.7067465273736785,31.083796935989557,2.1451001666473513,10.608262311435238,0
23.35306883516651,0.6610408467783627,46.61809500577276,8.74146359601149,1.7168340980837948,0
25.319664448125152,0.3725788733533744,71.00103696157531,8.034904819044378,0.0,0
42.4804960517114,0.5568716619690733,56.85366109741935,21.781167954471165,0.5762871864675961,0
40.772422132314944,0.5152538980526045,26.285071267701415,6.218970533780054,5.148049717604204,0
32.2867955345979,0.44049104119250915,73.06831629178197,13.970104325931974,10.234894438303785,0
32.82322579835636,0.3184233211412222,86.49876470414394,10.05267522818038,4.887252937809341,0
47.26121118921934,0.6511469987224507,64.45651809984469,12.465914409635038,3.1070859821770167,0
32.28541269130682,0.41718666833547585,77.80398518799598,15.850468392103796,3.5421646239319347,0
46.46336515203835,0.26338336101349935,54.38062914046389,18.798987453505262,3.556335267042595,1
36.5049961460317,0.4681709901250526,85.53690311876623,18.22721761512565,1.0182056526467065,0
33.337073012783485,0.5340085201464526,28.806182319766165,11.247354256143531,7.6162958054065015,0
30.198645107424905,0.691300276413251,44.01517239749184,20.65623279388742,8.224923493502267,1
26.482182291452858,0.6317275421773407,35.83931873099648,22.364220203081963,2.09764603078675,0
41.17864424989618,0.6650855443404631,31.967558391273535,20.377142262197882,0.359140370778646,0
35.13379380319604,0.26471267378759783,31.238874506153095,3.783106416551055,10.77284880843473,0
28.001698895342766,0.4033247421983282,44.69701810548828,0.0,5.535961705772711,0
45.535749571930126,0.5007249401179334,65.3962740494893,6.341777889088877,0.0,0
31.8902701701505,0.2602752475829555,55.90451363980554,10.729847520680838,2.1760436583793688,0
34.79581996871302,0.38094263374401277,23.062692157195045,11.99297223595472,0.0,1
45.97112772295252,0.6656529747032183,70.59904278506605,15.541917087324872,2.181587022975052,0
35.913817683723316,0.33231812806575656,57.1349263248931,17.923102033154798,8.219644430699857,0
21.660474729029115,0.3860244642215931,52.06732085919718,20.840162487079024,5.62031159098102,0
45.49159449717158,0.36301488918688785,68.31291635823806,23.89835140936286,3.9292724202805203,0
36.879495086187866,0.17456868062996472,33.265270908979154,12.97772366312808,6.2840346770501405,0
32.15445203292826,0.25318922971690205,39.95734395181915,16.54960984410257,4.275170211690053,0
22.279364402237732,0.8110843829222815,74.67941275987745,6.170812181512813,7.544943518524596,0
49.08551980778366,0.7496051943879417,35.17197295948711,0.47725673346409536,9.250299661875207,0
39.58881847961719,0.7688735608612356,49.17442100961683,6.556860906913811,0.0,0
36.3735050066794,0.5403561537159645,69.61705789932293,15.994703400293897,10.342342218165445,0
45.1000619311663,0.3464556321059344,56.81020434136401,12.721100640829928,3.2764914061578176,0
45.058536095553904,0.5945214160634182,26.845749689383506,21.04499399671543,11.332212383912914,0
23.398970739506986,0.5546246272045462,31.985830577847274,5.7237420821733345,2.2923235639665993,0
29.59568166315717,0.7437206241973644,16.448916648015047,18.87001847823676,11.206639714975413,1
32.574843270971556,0.26262123041562635,62.3320845675628,11.784419909573634,8.889582827686361,0
42.12626897773101,0.4128463916182086,43.70251687879844,11.092582628580942,3.2544529901448565,0
23.30451969464474,0.27772607440989305,29.322317244326438,14.01213501359023,3.395092749269992,0
35.69033769588772,0.3526432263682264,81.5777673264685,8.951507360672492,10.420452773981982,0
42.8037835912268,0.7509613823075706,51.61152061321863,12.783786888646288,6.209193708050458,0
49.844570374123506,0.47681658699964313,36.78730220747902,15.888934021474894,0.46814242771984027,0
29.008518345901688,0.4316932114266859,47.45406604984459,7.775435404813541,9.122546170010613,0
48.26261625615425,0.4642600359440445,59.79488704696598,3.022648202679119,5.049199712849615,0
24.734455979567166,0.4778481833622147,23.545055924012168,17.579475248704803,0.10018850388434734,0
44.26863520024701,0.7557624783237719,32.749337170172325,21.262787250424754,2.085196538424312,0
25.089475348070515,0.704118345277418,67.5340586374607,7.565016313293656,3.6387196415981,0
33.86372761606447,0.7829311846642192,39.836800729840945,16.57989311367947,8.227455180600765,0
45.162480897821,0.6350185024682748,50.338859786227175,11.836005504350364,0.0,0
21.357073380682298,0.3232430118877724,44.5445826657198,24.84039017037268,9.840496592171208,0
25.423267505329513,0.5822923691066612,21.353097796103405,15.38912876286519,0.0,0
41.17253978068898,0.4607100345808146,28.737499559855465,11.346589461028362,5.4830939962273355,0
41.45222923818215,0.3313372620017677,46.423677325212815,10.88493743214887,0.22111110539200984,0
40.47577318166027,0.6699018986618609,34.948335514905985,22.40467965306012,0.0,0
41.17385533587951,0.1527399361938033,27.371327090243337,10.737970664683884,1.2400339143449974,1
33.61104458300768,0.7369019166498194,67.37015370886809,8.536189595169787,2.454370057468963,0
28.31436746922051,0.4016504600732904,72.85554747290124,0.0,2.1741524436432944,0
31.59205129568523,0.6203236842694485,62.37835037858885,17.49397344609376,0.9566116366442321,0
26.56751239990485,0.5997343409701947,68.79108069630539,21.815665699917112,9.684383310731285,0
49.41507829111809,0.6641930694506754,32.75902122994018,2.7507981211780193,3.1574475751642783,0
39.16959815208143,0.5665413554478314,73.78763819980469,16.21679473066054,10.220967202751378,0
32.94390266136607,0.5307523305765081,25.33495894595623,10.015832999465744,7.751670335368388,0
33.719842686406686,0.255949949857373,74.805184484339,5.273497425022811,0.7489639188522874,0
45.096578321322475,0.5780673354682798,80.59629073852692,28.46290333434483,2.961043009564233,0
25.459778531747578,0.19634277700793773,65.67851567394075,8.696502812835526,0.536797919451426,0
38.002270334830136,0.6482115651902622,76.08150864196772,2.309144687433465,8.734272316484207,0
35.71981804092473,0.49932651270927275,52.10739766330905,16.4530866396117,0.3729877779901896,0
35.79012991139882,0.6417036713475354,30.939015446328867,18.271938050469117,3.5050393189740774,0
18.38119243380869,0.23566357177331496,46.06255728806337,2.769839813169485,2.680428109192428,0
48.270022974990354,0.21327674304054092,51.371512951773084,16.173672534275997,0.6760005255074213,0
47.884438166795064,0.6138413360542786,27.250532787826895,13.749707529227278,2.6152380158479707,0
38.316996902421515,0.20344930875902956,48.41126341736421,5.011375263348639,3.9328707985921256,0
40.95616146856769,0.29655439358908503,77.07252184347536,2.987973071020476,0.0,0
47.73449371431036,0.2083306675745295,32.911995682982365,12.015772357299918,7.8274275809347635,1
43.09372664135396,0.8689603732673385,68.47487955891553,4.6505974493119995,2.252500811328888,0
23.544081830993093,0.6394719749846731,87.93909594667966,18.78044844546914,0.5905656457814935,0
37.480892358886365,0.37653050675571537,78.37109569205279,17.17917720147173,6.303398027348622,0
37.276900814075596,0.30223562914195184,72.58786328011678,25.100433270226635,0.4854657818389061,0
31.85492768420695,0.31966495403471246,50.810257087842956,5.29406674938387,7.687008050224034,0
41.47498282180441,0.5855853215584347,69.75724281215795,25.84448694704676,2.2545207739231317,0
48.47527798633787,0.610178699192823,65.03561368158253,12.022520251463515,0.0,0
46.80955814387633,0.3365535918819775,25.535005889213927,4.087419651902195,10.859142590734034,0
36.036693393271,0.2254060660988439,53.19095776587901,5.122965872960195,5.324222398497358,0
21.607926770783653,0.3037893055318442,60.352169149342565,5.64599686754599,7.757583948208964,0
49.17149268054732,0.572028579236631,34.25658937016877,14.934670862268497,3.2010767664778386,0
44.28748047682967,0.6659632479323191,55.259121805911235,13.792941500667617,4.711308680243594,1
26.63383620480547,0.4396388884077736,68.6902855020638,4.640502686602835,1.451190611280163,0
48.01836603154432,0.2574089424118243,28.155770797924397,16.41432817572536,3.509907736239845,1
48.16057994080112,0.23587646809056478,63.06790396456138,4.02224149888766,8.309117027631508,0
32.59402096770822,0.736156409636254,70.3683734693078,9.90621099231799,8.852450338448413,0
38.272363604086394,0.2696760964199869,52.34407350883345,9.113349611762974,11.732849381632537,0
33.74934270735078,0.6255762227407593,22.569852743154044,20.57051437324733,6.447377398796612,0
21.80741714321179,0.5642416293711736,22.511294635838787,19.682972616792114,10.137126091736704,0
32.18687799950773,0.3798048074341784,31.78339774147268,9.426967482147553,1.433181931777698,0
43.05102655773959,0.31684950896271785,74.17722713515315,8.869142328311947,2.52523200109796,0
22.957655570509246,0.2766744450435823,37.94639663213813,11.146759578601376,2.5219774628921656,0
34.60277139797282,0.5577649817329161,57.8173354149307,20.3967550000014,2.079193101028763,0
31.219383686848982,0.6322801393415,26.29860300758136,10.095631196142717,3.9050087720385442,0
35.23086304533614,0.5947752857230149,39.038177126685575,4.79801999389476,5.320256802303112,0
50.50243744661822,0.5402783124279655,79.4030529573665,7.462985607280535,2.0812781304778727,0
33.54952412244027,0.17065078018683938,69.96614511387041,9.205421770677049,7.081476929245619,0
29.362876002580293,0.8516398855439439,25.413936591962482,14.55171916641652,3.2716544922695374,0
41.28466380910074,0.6742991083785318,50.479367644476454,24.88657361814675,4.9501020531402125,0
33.002969008973196,0.3766357031678212,19.917650716875606,8.531214296506159,2.9322046624059377,0
24.049243666130906,0.8233929187781384,40.334050862046944,10.155226613178705,9.701950616416315,0
31.735881591012404,0.5727897603449684,55.12371076141631,19.008440854565954,5.0220194781675636,0
22.217429077889864,0.5971104266200102,34.92460125843008,24.05160600036516,7.631055340380692,0
23.756014464978442,0.6632001159178105,35.96313092540341,6.577129971726649,2.797210175207439,0
34.88166340741083,0.6564400041220607,42.653277633254326,9.649479754454727,1.647819672830769,0
33.03619295020948,0.6119623406592067,73.67267049798859,7.782902193058344,1.0604235110576739,0
50.54637801767115,0.2196711374536869,89.11598387324288,27.161723476180175,2.8366395412458765,0
28.875108892021412,0.40838848888552526,30.824472516547267,5.868109520179035,2.6176347870288414,0
39.38629530529447,0.7551886846634068,76.75437657696419,20.572099453503075,3.099819055855549,0
38.5399509491349,0.3243635242426842,41.50821793214033,16.79800527605818,1.4325227134248806,0
20.293906278345144,0.4168733387305615,45.02561361750428,12.383190079505932,7.943740814428792,0
41.255760144834525,0.36515367749163563,57.67268565371741,0.6217914213427997,9.687715958307084,0
23.09563496296795,0.4362067484296232,82.49025805931588,15.875381087576528,4.894450035122226,0
49.59692901645176,0.5724059945537711,71.21681791381323,7.262977027272326,0.14770391746298672,0
24.7927862490195,0.7738383222466947,55.71123298111239,10.53437524263094,4.12369048462032,0
33.42362623982701,0.2930318700532051,35.94075691986595,19.58210995106898,4.984129258263582,0
23.138827330174955,0.3361862178237858,64.30861101783327,27.609055881281662,5.12137434022944,0
54.81682783520021,0.27517355150523737,30.873770840489513,13.5415241184083,0.35305670835783265,1
33.790370341434645,0.7806278001518987,50.80506542663198,17.989503200973427,6.5114742379787245,0
36.79955660959767,0.6088462056867079,38.819094175747495,0.0,2.045547300605765,0
20.766013268803295,0.33923270805130595,56.65652044784718,10.032353682590472,4.562941661164546,0
41.387859873654826,0.778333708011646,38.590604332511944,6.1572097017128575,8.914184408526793,0
25.022393538254533,0.6571401562302377,25.971262778776946,19.98249340268393,8.81439757877898,0
49.31966174543651,0.7538663118946669,76.19705233559556,20.263619188518206,3.7236644359467004,0
28.99519771043993,0.8013850360858816,32.1980167385,16.12437003589189,8.639824204426379,0
24.57913903241105,0.3178136016501848,47.79149264152892,3.312572450534128,6.607468953025617,0
19.43177888923439,0.7226484222509835,29.661572524042526,5.969955108079448,3.201703482146432,0
35.10483946607279,0.4638213726345364,21.183174673638796,16.439305452414786,11.278267588624553,0
35.840787909316546,0.7196338131980298,28.059755139289138,9.101807395836973,9.4378528279731,0
23.23712281836159,0.650110498235529,31.483844481116428,20.587641187397892,8.591637895394927,1
43.67167454255292,0.6591530308263074,69.35014979732202,19.381584992594124,5.302743613656133,0
30.567176812446363,0.634237516266632,39.368107894561795,13.704097945215068,6.430458128733698,0
38.82671848248752,0.34613169770943475,71.51608948533563,10.568397781610557,0.0,0
36.81463775433789,0.439589552676254,58.304135131566355,7.225907860850548,0.6467784902208251,0
30.797314445291008,0.8560188558586127,48.23988792463481,3.319535672065977,2.9852883462015156,0
36.013806819374565,0.6793082404964876,53.26628772447285,7.977261855149717,2.987118065073359,0
25.22893815937118,0.27753155169528987,46.80897412133991,12.461541908126415,3.9414107829938265,0
26.12675749483218,0.3552241462790415,61.09317061402221,22.50477908287055,1.4124066003521245,0
47.17065717575118,0.22448894256197718,39.623850640100684,17.557337657361572,6.258541350908812,1
52.40387294154168,0.6150472315934481,47.32792600846345,6.600841856482297,7.0995760666508305,0
30.84538503340449,0.6353859644898703,70.45911941685107,6.920298479456242,9.974955684960738,0
26.525745705229706,0.31736076827196646,79.07932430678176,6.654198263880632,4.042918951345443,0
36.56134784114142,0.48810990156181044,63.11835855617812,2.3145872653733317,0.0,0
30.800165053059057,0.743404843420187,42.24379098415281,16.597174661360953,2.8405692265476365,0
20.69533672406275,0.7051963641657308,66.66663551605838,0.7459357620968143,1.782963644070715,0
28.273693648021286,0.5951265138346069,44.03172691315676,15.21690414898951,4.3989912516482645,0
40.443944267349586,0.5261002129463487,45.16985925481815,8.718731568638855,3.3293107031293205,0
40.21529416058233,0.4945552344625417,28.941908761092606,22.953609126768104,7.825231997188899,0
20.780033982959,0.29435716118024485,56.92878183714285,10.213830125656015,2.2622593751759843,0
29.03595140488465,0.4987196923906003,30.231508773169004,6.732912682503694,10.17562856685019,0
31.986108749389384,0.6615737628849274,28.702725777406766,14.460927631531861,4.028441040618481,0
39.095044762121205,0.8047728906938963,60.69831133402077,19.350794961907457,7.438236245604438,0
19.612437247594485,0.5200573687935528,29.390222663365446,18.50533345470474,6.304613683266096,0
25.211579213675353,0.6270497092682502,26.557930040673728,4.39930455358502,2.752317698710213,1
45.36126554044831,0.29472269312479743,10.402931343142804,22.189947466528785,2.3635395706924314,1
29.049754513102076,0.4909425425928543,73.94842034942833,25.097867354403846,7.888483326671968,0
40.75023960620817,0.1651187959001736,47.78398699512298,16.489289060937686,1.8857527128062086,0
26.42689924982768,0.3692103709361783,51.50641320006334,16.12815828138435,10.057742580642266,0
24.164551444164974,0.6121850617142571,66.72760580191078,16.915021361635134,0.7084777941034923,0
29.51257289114944,0.7943633572657041,72.0645005983356,13.822680528776562,8.172404385517972,0
43.308972318064505,0.2868210721525145,40.63774768737359,21.383724045699434,1.51686109181385,1
46.68544210540316,0.4412177030073199,50.96425104939171,15.967476378497853,0.0,0
47.03994531618805,0.6582232866931673,70.10840503427188,15.18125411814497,4.959228066496949,0
34.254097069444995,0.31694089058104774,60.35602373923871,6.130525377152374,2.159995385951738,0
42.80687207919444,0.5286328216211051,31.637047686378914,17.645260401807995,1.7396324068841023,0
27.446948637653914,0.6213422261236986,92.18417354320505,23.96774038053031,0.7861185055643699,0
28.460195747196693,0.5566514670227524,41.92510846666758,9.548397484438066,0.0,0
47.183501928500235,0.39274719929448554,45.57182883100576,23.289030765100605,0.739677510018693,1
22.803075638338793,0.4412767136085056,44.07645352925986,15.714842699582269,2.2394175021553213,0
20.931384583659568,0.6555010547897804,23.69090994594949,22.566234854233056,10.31584368741894,1
26.973934272126623,0.5673836287047469,27.44444684683884,10.251583005560995,0.0,0
20.009288491559868,0.1864467936379471,63.811623363961424,10.327750283148943,2.8030735704892082,0
25.500552698563553,0.7152506878961885,17.151533444128173,28.05360542537511,0.0,1
40.048150554305366,0.2396689225740481,46.64149338680258,4.949219136237601,2.330254402896857,0
33.02493465381474,0.6420751624385279,43.76474238177691,26.261219853710845,10.549632581473237,0
46.87302442862154,0.3438741823896563,27.030961037667165,12.16638870424012,3.4734369154285174,1
41.80359457019339,0.6963002804682034,76.3037177539137,17.800491505964207,8.665259726219391,0
31.747027682990723,0.36442607733576043,27.91717317977853,4.874325445765519,0.0,0
29.07367136522092,0.3364627194828947,36.00185888819779,16.93768321773131,7.951348360400961,0
35.717281691628926,0.29647998493765215,44.5222968196145,7.269547106509994,3.8197027077214187,0
37.09329180553823,0.4699882792683835,31.148324291959888,0.0,7.808281998245187,0
28.48020988001417,0.837555464406552,21.880697416226784,8.911570050153026,8.190484735905384,0
39.22323460289553,0.8297031576483863,60.10590626670241,5.1751333641394925,6.999823048694623,0
35.43725612526416,0.4460279420513319,81.80033923757522,21.967335786527215,2.270528628186902,0
36.3708243607855,0.37911349186508864,36.885147691053724,19.71513794447899,0.0,0
33.64183892560018,0.6061088729349412,69.0258756746874,10.813037548858151,9.58768464609646,0
30.04976580569061,0.6923282806836328,63.63595989002684,18.490223663480315,5.403696570075393,0
48.82681745517742,0.5247842205995148,74.24879676922102,11.598499146103268,2.969555218097888,0
42.01530659569177,0.42650822797745813,45.84808951851127,20.283926327070915,10.300464764257313,0
24.591575258790186,0.42396857562431794,44.655213247740825,20.34664544624004,5.973725403264487,0
48.20130277665693,0.5184058973792948,35.92354610333821,29.341903572304325,12.848090130676976,0
32.56990534866329,0.2393264709684439,66.48230655029718,11.877586578148332,7.989763943050709,0
47.102506155116494,0.5181164511889141,68.03328150975476,18.9765740899684,7.149075825346225,0
42.59541604854111,0.425258149470372,30.575897179853673,3.2816522872302496,11.637326182109705,0
35.146498391926684,0.7802225322537493,42.71522291170777,23.989664426305414,1.3908469576327787,0
17.627705440035975,0.20982515431455814,75.37761378708238,1.5835399353466673,1.568158706311662,0
26.94247708700521,0.42640698403171784,67.82046596607456,18.76207693837019,3.753277669153377,0
37.00345018995505,0.4742835228376688,80.16507008160117,18.55608845018109,2.746895302262689,0
42.1353946532531,0.640443297293065,73.14548586873578,14.286940447807112,4.857929029129082,0
27.605130040850092,0.3368295294008107,48.51896048975143,5.285677471382159,8.905562479808866,0
23.070283168798326,0.48651279273425796,59.78404300216275,25.60077853506916,6.430795435769741,0
48.81022124286015,0.5617257139375403,57.383157624719864,10.751309496315404,0.0,0
46.63603762027408,0.5131305338107,20.26114483788582,18.985840176758522,12.684471524964694,0
31.373093555840413,0.5567951822426662,57.446320337420666,9.404089782765388,6.693272765681728,0
26.03040747555577,0.7380979296866691,66.93948367100555,9.24623557533472,3.9709547728318793,0
27.165111346875847,0.6078448833887042,37.40263161881853,15.73348247601721,4.603280379162673,0
18.509254662162576,0.37457941515165727,63.81799991568729,15.343963329103737,9.101780183934038,0
48.84567709141368,0.718414304696309,53.878623554044964,1.6868566300206953,8.149535569695875,0
24.020133914246635,0.5532427256050395,68.93588632922851,4.883219274028642,9.587112157356328,1
36.16733700395415,0.25113412515414346,20.58298236210914,9.29962388147567,5.317925737142845,1
25.66104782327439,0.2505330845215926,40.90242080622525,20.554967856514892,4.5930152461009355,0
38.37025473203409,0.38096056284654695,53.76075586184845,26.343853404451497,3.925687605917305,0
40.84301400647325,0.684394533329136,40.99599370835996,2.1440133718025836,8.650382885098846,0
44.69390238365728,0.607448947069679,61.91293431428547,3.870476771457911,2.176209714818472,0
29.88591214491343,0.7042475732962465,67.16060209242366,3.068985730552752,11.435625472760183,0
18.189705327102107,0.491880917062784,20.412500894910128,5.1220482506019716,11.490046865549523,0
21.055518560214736,0.4829744184684037,51.25731510057557,18.83241940966064,4.752561402734135,0
45.61674311568066,0.2870083753395215,35.57775348095974,17.14089590866325,4.747051660698423,1
46.12553029416446,0.4532181647041954,41.22236542212254,4.909459712118943,7.279627858455653,0
38.409071963754634,0.4578419335249009,67.82312553560462,3.540602952481115,9.319401781149038,0
37.533033697296936,0.16450863439742622,75.68035177512735,4.091161298697325,4.430945066460406,0
40.65521102941625,0.3954632466624264,65.71959967840075,18.700940300867412,3.0189002412964685,0
22.7580595103226,0.5136485613951124,65.19295305393027,30.97017390925805,5.5986021567290996,0
50.319887585895316,0.608709551611073,55.307999764584046,6.827090971341437,8.67670034934671,0
32.39881338997706,0.7692254421335953,70.51508866167036,5.581985008940003,5.157214659028803,0
33.72874751066119,0.8285899034646756,70.41254162477492,20.1392633086136,4.711034048182006,0
36.252981851240534,0.4787554090221803,68.39982152065092,23.029834733151485,3.1784272323928358,0
22.322485441559216,0.6096362586594429,70.51867779114599,10.93292403849139,8.467620890857626,0
26.12803562314679,0.6345092592782423,42.122396096446174,6.514818188778568,1.7611521914904535,0
43.03642561282575,0.6825529165545973,62.892786669944,3.465260684166985,8.499875103697063,0
23.769405557488884,0.26825701452321804,27.591865369751154,13.005951702861656,4.819463057637992,0
40.75286834425651,0.46022063756065584,37.677568518494766,16.707909560010464,0.0,0
27.753515629842568,0.7299374928003373,37.49173871587049,2.806930828846722,2.6724236068858516,0
33.09687593643632,0.4625605504573293,73.42873988954716,17.721324051095493,8.104181971883632,0
28.481340714546548,0.5709035860364844,77.50764876035224,0.43527881921323885,3.51463691769232,0
33.55041592484743,0.5571406505800814,60.77591969356643,21.198901920666852,1.6888919142173853,0
40.218592551408825,0.3008188308648173,65.38593053870781,9.981284895607132,7.79378541973101,0
32.515532334516884,0.4097776008086975,50.87261083208586,0.0,9.389740033297072,0
36.911823307618235,0.39096135922752523,67.72242352376855,21.577926413994447,8.982436810221891,0
31.419961861736894,0.272406529962592,51.1258119648988,15.0186749147279,7.176561543855798,0
40.16634379070103,0.2441928944488562,33.26978771509479,23.205823558776476,7.808499107999022,0
46.74278886479298,0.5519987944722502,29.438949985468117,11.209760016217583,8.817460232406704,0
43.65845001428496,0.39663752481017556,60.33076394149943,9.373186005261847,3.2335959373591474,0
25.142963399117924,0.5205840694792281,74.00301592068953,18.577186984824603,2.900993363589997,1
20.04312718540898,0.378299906330969,47.6181159223217,9.31132290417205,0.0,0
24.088839867103694,0.7449816244147601,22.040373793911165,23.372327890956267,1.7195950372290856,0
36.947725282509495,0.41178369131876497,76.65837305135399,12.137328289587439,3.9914379130265605,0
16.695015751269597,0.505170410749504,16.45349911991574,18.98889404202814,2.291449533223509,0
31.723181769065647,0.6849942668995808,64.93938367109352,4.867491003343202,0.7886432008602864,0
39.42611477979527,0.725512754431312,79.21447875215698,8.651821976171485,0.0,0
31.59891704181049,0.2630780139807021,47.57978009556056,25.23204997034024,7.37690537333477,0
43.978281235944586,0.6126050776379797,40.460171800291,25.451766213821724,4.197696504260198,0
21.26399530775473,0.4435762708132373,65.95472111650191,16.61549705716736,7.206655319805192,0
22.158710739790305,0.5329009968703512,70.47130683506022,3.829336533524147,8.096586430624921,0
41.83845760792696,0.32774423571837064,44.51138178352936,21.526668220355273,6.636289309565887,0
32.54801010780087,0.27401517925913943,73.22188503897145,17.152867554327525,4.803040613111191,0
43.65886849636638,0.673018373526659,22.486578631499047,5.852748658416709,6.839079446287562,1
34.79954473926373,0.5236856057689279,50.75459776965495,10.706747812302861,6.141253706311969,0
26.950132649513876,0.4300363418079601,57.456218215983384,15.531785800652127,7.697699730936361,0
44.626841208215055,0.6593010644251351,83.81681164684284,19.70198956546536,12.481685499118857,0
44.399241984964476,0.6993282156560501,38.33730699073527,0.0,5.5553911480094005,0
36.757424388784216,0.33305946709229084,71.0108005077833,5.442105456727301,7.102078829844716,0
27.669999351857687,0.625580758260317,53.522608849531444,13.380308450837957,3.186806629387891,0
36.342951510077015,0.31662764172666447,42.73217606989204,5.433056890089889,7.61818902137073,0
28.825976888410977,0.6683974619945066,23.143309414634437,7.1330646176596915,0.0,0
22.185261614027116,0.6476806056761052,72.30514812712906,12.253834541183036,8.876043121498963,0
51.11478031756632,0.7726427096876218,30.725155191496675,3.4577916571726304,2.6166312723129583,0
25.38624465010286,0.1972810772524668,32.37846867513784,10.114269838725322,9.504248780945865,0
47.364762635058476,0.2260794844935644,39.0736140039707,19.11876796680896,9.773526185065352,1
34.52533875145099,0.3320671125755977,71.5085468073275,6.793392917240197,4.2769925872461005,0
